Country code,Country name,Series code,Series name,SCALE,Decimals,1990,1991,1992,1993,1994,1995,1996,1997,1998,1999,2000,2001,2002,2003,2004,2005,2006,2007,2008,2009,2010,2011
ABW,Aruba,AG.LND.EL5M.ZS,Land area below 5m (% of land area),0,1,29.57,..,..,..,..,..,..,..,..,..,29.57,..,..,..,..,..,..,..,..,..,..,..
ADO,Andorra,AG.LND.EL5M.ZS,Land area below 5m (% of land area),0,1,0,..,..,..,..,..,..,..,..,..,0,..,..,..,..,..,..,..,..,..,..,..
AFG,Afghanistan,AG.LND.EL5M.ZS,Land area below 5m (% of land area),0,1,0,..,..,..,..,..,..,..,..,..,0,..,..,..,..,..,..,..,..,..,..,..
AGO,Angola,AG.LND.EL5M.ZS,Land area below 5m (% of land area),0,1,0.21,..,..,..,..,..,..,..,..,..,0.21,..,..,..,..,..,..,..,..,..,..,..
ALB,Albania,AG.LND.EL5M.ZS,Land area below 5m (% of land area),0,1,4.97,..,..,..,..,..,..,..,..,..,4.97,..,..,..,..,..,..,..,..,..,..,..
ARE,United Arab Emirates,AG.LND.EL5M.ZS,Land area below 5m (% of land area),0,1,4.64,..,..,..,..,..,..,..,..,..,4.64,..,..,..,..,..,..,..,..,..,..,..
ARG,Argentina,AG.LND.EL5M.ZS,Land area below 5m (% of land area),0,1,1.23,..,..,..,..,..,..,..,..,..,1.23,..,..,..,..,..,..,..,..,..,..,..
ARM,Armenia,AG.LND.EL5M.ZS,Land area below 5m (% of land area),0,1,0,..,..,..,..,..,..,..,..,..,0,..,..,..,..,..,..,..,..,..,..,..
ASM,American Samoa,AG.LND.EL5M.ZS,Land area below 5m (% of land area),0,1,17.89,..,..,..,..,..,..,..,..,..,17.89,..,..,..,..,..,..,..,..,..,..,..
ATG,Antigua and Barbuda,AG.LND.EL5M.ZS,Land area below 5m (% of land area),0,1,32.42,..,..,..,..,..,..,..,..,..,32.42,..,..,..,..,..,..,..,..,..,..,..
AUS,Australia,AG.LND.EL5M.ZS,Land area below 5m (% of land area),0,1,1.14,..,..,..,..,..,..,..,..,..,1.14,..,..,..,..,..,..,..,..,..,..,..
AUT,Austria,AG.LND.EL5M.ZS,Land area below 5m (% of land area),0,1,0,..,..,..,..,..,..,..,..,..,0,..,..,..,..,..,..,..,..,..,..,..
AZE,Azerbaijan,AG.LND.EL5M.ZS,Land area below 5m (% of land area),0,1,19.97,..,..,..,..,..,..,..,..,..,19.97,..,..,..,..,..,..,..,..,..,..,..
BDI,Burundi,AG.LND.EL5M.ZS,Land area below 5m (% of land area),0,1,0,..,..,..,..,..,..,..,..,..,0,..,..,..,..,..,..,..,..,..,..,..
BEL,Belgium,AG.LND.EL5M.ZS,Land area below 5m (% of land area),0,1,9.24,..,..,..,..,..,..,..,..,..,9.24,..,..,..,..,..,..,..,..,..,..,..
BEN,Benin,AG.LND.EL5M.ZS,Land area below 5m (% of land area),0,1,1.16,..,..,..,..,..,..,..,..,..,1.16,..,..,..,..,..,..,..,..,..,..,..
BFA,Burkina Faso,AG.LND.EL5M.ZS,Land area below 5m (% of land area),0,1,0,..,..,..,..,..,..,..,..,..,0,..,..,..,..,..,..,..,..,..,..,..
BGD,Bangladesh,AG.LND.EL5M.ZS,Land area below 5m (% of land area),0,1,14.07,..,..,..,..,..,..,..,..,..,14.07,..,..,..,..,..,..,..,..,..,..,..
BGR,Bulgaria,AG.LND.EL5M.ZS,Land area below 5m (% of land area),0,1,0.43,..,..,..,..,..,..,..,..,..,0.43,..,..,..,..,..,..,..,..,..,..,..
BHR,Bahrain,AG.LND.EL5M.ZS,Land area below 5m (% of land area),0,1,39.03,..,..,..,..,..,..,..,..,..,39.03,..,..,..,..,..,..,..,..,..,..,..
BHS,"Bahamas, The",AG.LND.EL5M.ZS,Land area below 5m (% of land area),0,1,71.99,..,..,..,..,..,..,..,..,..,71.99,..,..,..,..,..,..,..,..,..,..,..
BIH,Bosnia and Herzegovina,AG.LND.EL5M.ZS,Land area below 5m (% of land area),0,1,0.07,..,..,..,..,..,..,..,..,..,0.07,..,..,..,..,..,..,..,..,..,..,..
BLR,Belarus,AG.LND.EL5M.ZS,Land area below 5m (% of land area),0,1,0,..,..,..,..,..,..,..,..,..,0,..,..,..,..,..,..,..,..,..,..,..
BLZ,Belize,AG.LND.EL5M.ZS,Land area below 5m (% of land area),0,1,9.45,..,..,..,..,..,..,..,..,..,9.45,..,..,..,..,..,..,..,..,..,..,..
BMU,Bermuda,AG.LND.EL5M.ZS,Land area below 5m (% of land area),0,1,82.26,..,..,..,..,..,..,..,..,..,82.26,..,..,..,..,..,..,..,..,..,..,..
BOL,Bolivia,AG.LND.EL5M.ZS,Land area below 5m (% of land area),0,1,0,..,..,..,..,..,..,..,..,..,0,..,..,..,..,..,..,..,..,..,..,..
BRA,Brazil,AG.LND.EL5M.ZS,Land area below 5m (% of land area),0,1,1.21,..,..,..,..,..,..,..,..,..,1.21,..,..,..,..,..,..,..,..,..,..,..
BRB,Barbados,AG.LND.EL5M.ZS,Land area below 5m (% of land area),0,1,15.69,..,..,..,..,..,..,..,..,..,15.69,..,..,..,..,..,..,..,..,..,..,..
BRN,Brunei Darussalam,AG.LND.EL5M.ZS,Land area below 5m (% of land area),0,1,3.34,..,..,..,..,..,..,..,..,..,3.34,..,..,..,..,..,..,..,..,..,..,..
BTN,Bhutan,AG.LND.EL5M.ZS,Land area below 5m (% of land area),0,1,0,..,..,..,..,..,..,..,..,..,0,..,..,..,..,..,..,..,..,..,..,..
BWA,Botswana,AG.LND.EL5M.ZS,Land area below 5m (% of land area),0,1,0,..,..,..,..,..,..,..,..,..,0,..,..,..,..,..,..,..,..,..,..,..
CAF,Central African Republic,AG.LND.EL5M.ZS,Land area below 5m (% of land area),0,1,0,..,..,..,..,..,..,..,..,..,0,..,..,..,..,..,..,..,..,..,..,..
CAN,Canada,AG.LND.EL5M.ZS,Land area below 5m (% of land area),0,1,2.39,..,..,..,..,..,..,..,..,..,2.39,..,..,..,..,..,..,..,..,..,..,..
CHE,Switzerland,AG.LND.EL5M.ZS,Land area below 5m (% of land area),0,1,0,..,..,..,..,..,..,..,..,..,0,..,..,..,..,..,..,..,..,..,..,..
CHI,Channel Islands,AG.LND.EL5M.ZS,Land area below 5m (% of land area),0,1,..,..,..,..,..,..,..,..,..,..,..,..,..,..,..,..,..,..,..,..,..,..
CHL,Chile,AG.LND.EL5M.ZS,Land area below 5m (% of land area),0,1,3.08,..,..,..,..,..,..,..,..,..,3.08,..,..,..,..,..,..,..,..,..,..,..
CHN,China,AG.LND.EL5M.ZS,Land area below 5m (% of land area),0,1,1.38,..,..,..,..,..,..,..,..,..,1.38,..,..,..,..,..,..,..,..,..,..,..
CIV,Cote d'Ivoire,AG.LND.EL5M.ZS,Land area below 5m (% of land area),0,1,0.19,..,..,..,..,..,..,..,..,..,0.19,..,..,..,..,..,..,..,..,..,..,..
CMR,Cameroon,AG.LND.EL5M.ZS,Land area below 5m (% of land area),0,1,0.08,..,..,..,..,..,..,..,..,..,0.08,..,..,..,..,..,..,..,..,..,..,..
COG,"Congo, Rep.",AG.LND.EL5M.ZS,Land area below 5m (% of land area),0,1,0.05,..,..,..,..,..,..,..,..,..,0.05,..,..,..,..,..,..,..,..,..,..,..
COK,Cook Islands,AG.LND.EL5M.ZS,Land area below 5m (% of land area),0,1,87.87,..,..,..,..,..,..,..,..,..,87.87,..,..,..,..,..,..,..,..,..,..,..
COL,Colombia,AG.LND.EL5M.ZS,Land area below 5m (% of land area),0,1,0.94,..,..,..,..,..,..,..,..,..,0.94,..,..,..,..,..,..,..,..,..,..,..
COM,Comoros,AG.LND.EL5M.ZS,Land area below 5m (% of land area),0,1,13.46,..,..,..,..,..,..,..,..,..,13.46,..,..,..,..,..,..,..,..,..,..,..
CPV,Cape Verde,AG.LND.EL5M.ZS,Land area below 5m (% of land area),0,1,14.52,..,..,..,..,..,..,..,..,..,14.52,..,..,..,..,..,..,..,..,..,..,..
CRI,Costa Rica,AG.LND.EL5M.ZS,Land area below 5m (% of land area),0,1,2.12,..,..,..,..,..,..,..,..,..,2.12,..,..,..,..,..,..,..,..,..,..,..
CUB,Cuba,AG.LND.EL5M.ZS,Land area below 5m (% of land area),0,1,12.67,..,..,..,..,..,..,..,..,..,12.67,..,..,..,..,..,..,..,..,..,..,..
CUW,Curacao,AG.LND.EL5M.ZS,Land area below 5m (% of land area),0,1,..,..,..,..,..,..,..,..,..,..,..,..,..,..,..,..,..,..,..,..,..,..
CYM,Cayman Islands,AG.LND.EL5M.ZS,Land area below 5m (% of land area),0,1,60.28,..,..,..,..,..,..,..,..,..,60.28,..,..,..,..,..,..,..,..,..,..,..
CYP,Cyprus,AG.LND.EL5M.ZS,Land area below 5m (% of land area),0,1,6.42,..,..,..,..,..,..,..,..,..,6.42,..,..,..,..,..,..,..,..,..,..,..
CZE,Czech Republic,AG.LND.EL5M.ZS,Land area below 5m (% of land area),0,1,0,..,..,..,..,..,..,..,..,..,0,..,..,..,..,..,..,..,..,..,..,..
DEU,Germany,AG.LND.EL5M.ZS,Land area below 5m (% of land area),0,1,4.92,..,..,..,..,..,..,..,..,..,4.92,..,..,..,..,..,..,..,..,..,..,..
DJI,Djibouti,AG.LND.EL5M.ZS,Land area below 5m (% of land area),0,1,2.56,..,..,..,..,..,..,..,..,..,2.56,..,..,..,..,..,..,..,..,..,..,..
DMA,Dominica,AG.LND.EL5M.ZS,Land area below 5m (% of land area),0,1,9.4,..,..,..,..,..,..,..,..,..,9.4,..,..,..,..,..,..,..,..,..,..,..
DNK,Denmark,AG.LND.EL5M.ZS,Land area below 5m (% of land area),0,1,17.67,..,..,..,..,..,..,..,..,..,17.67,..,..,..,..,..,..,..,..,..,..,..
DOM,Dominican Republic,AG.LND.EL5M.ZS,Land area below 5m (% of land area),0,1,4.14,..,..,..,..,..,..,..,..,..,4.14,..,..,..,..,..,..,..,..,..,..,..
DZA,Algeria,AG.LND.EL5M.ZS,Land area below 5m (% of land area),0,1,0.35,..,..,..,..,..,..,..,..,..,0.35,..,..,..,..,..,..,..,..,..,..,..
EAP,East Asia & Pacific,AG.LND.EL5M.ZS,Land area below 5m (% of land area),0,1,2.46,..,..,..,..,..,..,..,..,..,2.45,..,..,..,..,..,..,..,..,..,..,..
ECA,Europe & Central Asia,AG.LND.EL5M.ZS,Land area below 5m (% of land area),0,1,1.44,..,..,..,..,..,..,..,..,..,2.49,..,..,..,..,..,..,..,..,..,..,..
ECU,Ecuador,AG.LND.EL5M.ZS,Land area below 5m (% of land area),0,1,2.04,..,..,..,..,..,..,..,..,..,2.04,..,..,..,..,..,..,..,..,..,..,..
EGY,"Egypt, Arab Rep.",AG.LND.EL5M.ZS,Land area below 5m (% of land area),0,1,4.05,..,..,..,..,..,..,..,..,..,4.05,..,..,..,..,..,..,..,..,..,..,..
EMU,Euro area,AG.LND.EL5M.ZS,Land area below 5m (% of land area),0,1,3.6,..,..,..,..,..,..,..,..,..,3.57,..,..,..,..,..,..,..,..,..,..,..
ERI,Eritrea,AG.LND.EL5M.ZS,Land area below 5m (% of land area),0,1,3.12,..,..,..,..,..,..,..,..,..,3.12,..,..,..,..,..,..,..,..,..,..,..
ESP,Spain,AG.LND.EL5M.ZS,Land area below 5m (% of land area),0,1,1.26,..,..,..,..,..,..,..,..,..,1.26,..,..,..,..,..,..,..,..,..,..,..
EST,Estonia,AG.LND.EL5M.ZS,Land area below 5m (% of land area),0,1,3.35,..,..,..,..,..,..,..,..,..,3.35,..,..,..,..,..,..,..,..,..,..,..
ETH,Ethiopia,AG.LND.EL5M.ZS,Land area below 5m (% of land area),0,1,0.67,..,..,..,..,..,..,..,..,..,0.67,..,..,..,..,..,..,..,..,..,..,..
FIN,Finland,AG.LND.EL5M.ZS,Land area below 5m (% of land area),0,1,1.11,..,..,..,..,..,..,..,..,..,1.11,..,..,..,..,..,..,..,..,..,..,..
FJI,Fiji,AG.LND.EL5M.ZS,Land area below 5m (% of land area),0,1,11.36,..,..,..,..,..,..,..,..,..,11.36,..,..,..,..,..,..,..,..,..,..,..
FRA,France,AG.LND.EL5M.ZS,Land area below 5m (% of land area),0,1,2.07,..,..,..,..,..,..,..,..,..,2.07,..,..,..,..,..,..,..,..,..,..,..
FRO,Faeroe Islands,AG.LND.EL5M.ZS,Land area below 5m (% of land area),0,1,14.55,..,..,..,..,..,..,..,..,..,14.55,..,..,..,..,..,..,..,..,..,..,..
FSM,"Micronesia, Fed. Sts.",AG.LND.EL5M.ZS,Land area below 5m (% of land area),0,1,33.37,..,..,..,..,..,..,..,..,..,33.37,..,..,..,..,..,..,..,..,..,..,..
GAB,Gabon,AG.LND.EL5M.ZS,Land area below 5m (% of land area),0,1,0.54,..,..,..,..,..,..,..,..,..,0.54,..,..,..,..,..,..,..,..,..,..,..
GBR,United Kingdom,AG.LND.EL5M.ZS,Land area below 5m (% of land area),0,1,7.61,..,..,..,..,..,..,..,..,..,7.61,..,..,..,..,..,..,..,..,..,..,..
GEO,Georgia,AG.LND.EL5M.ZS,Land area below 5m (% of land area),0,1,1.43,..,..,..,..,..,..,..,..,..,1.43,..,..,..,..,..,..,..,..,..,..,..
GHA,Ghana,AG.LND.EL5M.ZS,Land area below 5m (% of land area),0,1,0.77,..,..,..,..,..,..,..,..,..,0.77,..,..,..,..,..,..,..,..,..,..,..
GIB,Gibraltar,AG.LND.EL5M.ZS,Land area below 5m (% of land area),0,1,100,..,..,..,..,..,..,..,..,..,100,..,..,..,..,..,..,..,..,..,..,..
GIN,Guinea,AG.LND.EL5M.ZS,Land area below 5m (% of land area),0,1,1.05,..,..,..,..,..,..,..,..,..,1.05,..,..,..,..,..,..,..,..,..,..,..
GMB,"Gambia, The",AG.LND.EL5M.ZS,Land area below 5m (% of land area),0,1,16.58,..,..,..,..,..,..,..,..,..,16.58,..,..,..,..,..,..,..,..,..,..,..
GNB,Guinea-Bissau,AG.LND.EL5M.ZS,Land area below 5m (% of land area),0,1,9.5,..,..,..,..,..,..,..,..,..,9.5,..,..,..,..,..,..,..,..,..,..,..
GNQ,Equatorial Guinea,AG.LND.EL5M.ZS,Land area below 5m (% of land area),0,1,0.92,..,..,..,..,..,..,..,..,..,0.92,..,..,..,..,..,..,..,..,..,..,..
GRC,Greece,AG.LND.EL5M.ZS,Land area below 5m (% of land area),0,1,6.33,..,..,..,..,..,..,..,..,..,6.33,..,..,..,..,..,..,..,..,..,..,..
GRD,Grenada,AG.LND.EL5M.ZS,Land area below 5m (% of land area),0,1,21.75,..,..,..,..,..,..,..,..,..,21.75,..,..,..,..,..,..,..,..,..,..,..
GRL,Greenland,AG.LND.EL5M.ZS,Land area below 5m (% of land area),0,1,16.27,..,..,..,..,..,..,..,..,..,16.27,..,..,..,..,..,..,..,..,..,..,..
GTM,Guatemala,AG.LND.EL5M.ZS,Land area below 5m (% of land area),0,1,0.56,..,..,..,..,..,..,..,..,..,0.56,..,..,..,..,..,..,..,..,..,..,..
GUM,Guam,AG.LND.EL5M.ZS,Land area below 5m (% of land area),0,1,20.38,..,..,..,..,..,..,..,..,..,20.38,..,..,..,..,..,..,..,..,..,..,..
GUY,Guyana,AG.LND.EL5M.ZS,Land area below 5m (% of land area),0,1,2.72,..,..,..,..,..,..,..,..,..,2.72,..,..,..,..,..,..,..,..,..,..,..
HIC,High income,AG.LND.EL5M.ZS,Land area below 5m (% of land area),0,1,2.18,..,..,..,..,..,..,..,..,..,2.2,..,..,..,..,..,..,..,..,..,..,..
HKG,"Hong Kong SAR, China",AG.LND.EL5M.ZS,Land area below 5m (% of land area),0,1,24.57,..,..,..,..,..,..,..,..,..,24.57,..,..,..,..,..,..,..,..,..,..,..
HND,Honduras,AG.LND.EL5M.ZS,Land area below 5m (% of land area),0,1,3.04,..,..,..,..,..,..,..,..,..,3.04,..,..,..,..,..,..,..,..,..,..,..
HRV,Croatia,AG.LND.EL5M.ZS,Land area below 5m (% of land area),0,1,3.03,..,..,..,..,..,..,..,..,..,3.03,..,..,..,..,..,..,..,..,..,..,..
HTI,Haiti,AG.LND.EL5M.ZS,Land area below 5m (% of land area),0,1,3.94,..,..,..,..,..,..,..,..,..,3.94,..,..,..,..,..,..,..,..,..,..,..
HUN,Hungary,AG.LND.EL5M.ZS,Land area below 5m (% of land area),0,1,0,..,..,..,..,..,..,..,..,..,0,..,..,..,..,..,..,..,..,..,..,..
IDN,Indonesia,AG.LND.EL5M.ZS,Land area below 5m (% of land area),0,1,5.5,..,..,..,..,..,..,..,..,..,5.5,..,..,..,..,..,..,..,..,..,..,..
IMY,Isle of Man,AG.LND.EL5M.ZS,Land area below 5m (% of land area),0,1,12.09,..,..,..,..,..,..,..,..,..,12.09,..,..,..,..,..,..,..,..,..,..,..
IND,India,AG.LND.EL5M.ZS,Land area below 5m (% of land area),0,1,1.35,..,..,..,..,..,..,..,..,..,1.35,..,..,..,..,..,..,..,..,..,..,..
IRL,Ireland,AG.LND.EL5M.ZS,Land area below 5m (% of land area),0,1,3.96,..,..,..,..,..,..,..,..,..,3.96,..,..,..,..,..,..,..,..,..,..,..
IRN,"Iran, Islamic Rep.",AG.LND.EL5M.ZS,Land area below 5m (% of land area),0,1,1.59,..,..,..,..,..,..,..,..,..,1.59,..,..,..,..,..,..,..,..,..,..,..
IRQ,Iraq,AG.LND.EL5M.ZS,Land area below 5m (% of land area),0,1,4.02,..,..,..,..,..,..,..,..,..,4.02,..,..,..,..,..,..,..,..,..,..,..
ISL,Iceland,AG.LND.EL5M.ZS,Land area below 5m (% of land area),0,1,4.41,..,..,..,..,..,..,..,..,..,4.41,..,..,..,..,..,..,..,..,..,..,..
ISR,Israel,AG.LND.EL5M.ZS,Land area below 5m (% of land area),0,1,7.82,..,..,..,..,..,..,..,..,..,7.82,..,..,..,..,..,..,..,..,..,..,..
ITA,Italy,AG.LND.EL5M.ZS,Land area below 5m (% of land area),0,1,5.19,..,..,..,..,..,..,..,..,..,5.19,..,..,..,..,..,..,..,..,..,..,..
JAM,Jamaica,AG.LND.EL5M.ZS,Land area below 5m (% of land area),0,1,7.14,..,..,..,..,..,..,..,..,..,7.14,..,..,..,..,..,..,..,..,..,..,..
JOR,Jordan,AG.LND.EL5M.ZS,Land area below 5m (% of land area),0,1,2.01,..,..,..,..,..,..,..,..,..,2.01,..,..,..,..,..,..,..,..,..,..,..
JPN,Japan,AG.LND.EL5M.ZS,Land area below 5m (% of land area),0,1,5.88,..,..,..,..,..,..,..,..,..,5.88,..,..,..,..,..,..,..,..,..,..,..
KAZ,Kazakhstan,AG.LND.EL5M.ZS,Land area below 5m (% of land area),0,1,6.68,..,..,..,..,..,..,..,..,..,6.68,..,..,..,..,..,..,..,..,..,..,..
KEN,Kenya,AG.LND.EL5M.ZS,Land area below 5m (% of land area),0,1,0.24,..,..,..,..,..,..,..,..,..,0.24,..,..,..,..,..,..,..,..,..,..,..
KGZ,Kyrgyz Republic,AG.LND.EL5M.ZS,Land area below 5m (% of land area),0,1,0,..,..,..,..,..,..,..,..,..,0,..,..,..,..,..,..,..,..,..,..,..
KHM,Cambodia,AG.LND.EL5M.ZS,Land area below 5m (% of land area),0,1,3.84,..,..,..,..,..,..,..,..,..,3.84,..,..,..,..,..,..,..,..,..,..,..
KIR,Kiribati,AG.LND.EL5M.ZS,Land area below 5m (% of land area),0,1,96.67,..,..,..,..,..,..,..,..,..,96.67,..,..,..,..,..,..,..,..,..,..,..
KNA,St. Kitts and Nevis,AG.LND.EL5M.ZS,Land area below 5m (% of land area),0,1,19.02,..,..,..,..,..,..,..,..,..,19.02,..,..,..,..,..,..,..,..,..,..,..
KOR,"Korea, Rep.",AG.LND.EL5M.ZS,Land area below 5m (% of land area),0,1,4.3,..,..,..,..,..,..,..,..,..,4.3,..,..,..,..,..,..,..,..,..,..,..
KSV,Kosovo,AG.LND.EL5M.ZS,Land area below 5m (% of land area),0,1,..,..,..,..,..,..,..,..,..,..,..,..,..,..,..,..,..,..,..,..,..,..
KWT,Kuwait,AG.LND.EL5M.ZS,Land area below 5m (% of land area),0,1,8.86,..,..,..,..,..,..,..,..,..,8.86,..,..,..,..,..,..,..,..,..,..,..
LAC,Latin America & Caribbean,AG.LND.EL5M.ZS,Land area below 5m (% of land area),0,1,1.51,..,..,..,..,..,..,..,..,..,1.51,..,..,..,..,..,..,..,..,..,..,..
LAO,Lao PDR,AG.LND.EL5M.ZS,Land area below 5m (% of land area),0,1,0,..,..,..,..,..,..,..,..,..,0,..,..,..,..,..,..,..,..,..,..,..
LBN,Lebanon,AG.LND.EL5M.ZS,Land area below 5m (% of land area),0,1,1.74,..,..,..,..,..,..,..,..,..,1.74,..,..,..,..,..,..,..,..,..,..,..
LBR,Liberia,AG.LND.EL5M.ZS,Land area below 5m (% of land area),0,1,0.35,..,..,..,..,..,..,..,..,..,0.35,..,..,..,..,..,..,..,..,..,..,..
LBY,Libya,AG.LND.EL5M.ZS,Land area below 5m (% of land area),0,1,0.78,..,..,..,..,..,..,..,..,..,0.78,..,..,..,..,..,..,..,..,..,..,..
LCA,St. Lucia,AG.LND.EL5M.ZS,Land area below 5m (% of land area),0,1,8.02,..,..,..,..,..,..,..,..,..,8.02,..,..,..,..,..,..,..,..,..,..,..
LIC,Low income,AG.LND.EL5M.ZS,Land area below 5m (% of land area),0,1,0.72,..,..,..,..,..,..,..,..,..,0.72,..,..,..,..,..,..,..,..,..,..,..
LIE,Liechtenstein,AG.LND.EL5M.ZS,Land area below 5m (% of land area),0,1,0,..,..,..,..,..,..,..,..,..,0,..,..,..,..,..,..,..,..,..,..,..
LKA,Sri Lanka,AG.LND.EL5M.ZS,Land area below 5m (% of land area),0,1,3.87,..,..,..,..,..,..,..,..,..,3.87,..,..,..,..,..,..,..,..,..,..,..
LMC,Lower middle income,AG.LND.EL5M.ZS,Land area below 5m (% of land area),0,1,1.7,..,..,..,..,..,..,..,..,..,1.73,..,..,..,..,..,..,..,..,..,..,..
LMY,Low & middle income,AG.LND.EL5M.ZS,Land area below 5m (% of land area),0,1,1.34,..,..,..,..,..,..,..,..,..,1.61,..,..,..,..,..,..,..,..,..,..,..
LSO,Lesotho,AG.LND.EL5M.ZS,Land area below 5m (% of land area),0,1,0,..,..,..,..,..,..,..,..,..,0,..,..,..,..,..,..,..,..,..,..,..
LTU,Lithuania,AG.LND.EL5M.ZS,Land area below 5m (% of land area),0,1,1.91,..,..,..,..,..,..,..,..,..,1.91,..,..,..,..,..,..,..,..,..,..,..
LUX,Luxembourg,AG.LND.EL5M.ZS,Land area below 5m (% of land area),0,1,0,..,..,..,..,..,..,..,..,..,0,..,..,..,..,..,..,..,..,..,..,..
LVA,Latvia,AG.LND.EL5M.ZS,Land area below 5m (% of land area),0,1,3.03,..,..,..,..,..,..,..,..,..,3.03,..,..,..,..,..,..,..,..,..,..,..
MAC,"Macao SAR, China",AG.LND.EL5M.ZS,Land area below 5m (% of land area),0,1,35.39,..,..,..,..,..,..,..,..,..,35.39,..,..,..,..,..,..,..,..,..,..,..
MAF,St. Martin (French part),AG.LND.EL5M.ZS,Land area below 5m (% of land area),0,1,..,..,..,..,..,..,..,..,..,..,..,..,..,..,..,..,..,..,..,..,..,..
MAR,Morocco,AG.LND.EL5M.ZS,Land area below 5m (% of land area),0,1,0.7,..,..,..,..,..,..,..,..,..,0.7,..,..,..,..,..,..,..,..,..,..,..
MCO,Monaco,AG.LND.EL5M.ZS,Land area below 5m (% of land area),0,1,100,..,..,..,..,..,..,..,..,..,100,..,..,..,..,..,..,..,..,..,..,..
MDA,Moldova,AG.LND.EL5M.ZS,Land area below 5m (% of land area),0,1,1.3,..,..,..,..,..,..,..,..,..,1.3,..,..,..,..,..,..,..,..,..,..,..
MDG,Madagascar,AG.LND.EL5M.ZS,Land area below 5m (% of land area),0,1,1.34,..,..,..,..,..,..,..,..,..,1.34,..,..,..,..,..,..,..,..,..,..,..
MDV,Maldives,AG.LND.EL5M.ZS,Land area below 5m (% of land area),0,1,100,..,..,..,..,..,..,..,..,..,100,..,..,..,..,..,..,..,..,..,..,..
MEX,Mexico,AG.LND.EL5M.ZS,Land area below 5m (% of land area),0,1,2.94,..,..,..,..,..,..,..,..,..,2.94,..,..,..,..,..,..,..,..,..,..,..
MHL,Marshall Islands,AG.LND.EL5M.ZS,Land area below 5m (% of land area),0,1,99.02,..,..,..,..,..,..,..,..,..,99.02,..,..,..,..,..,..,..,..,..,..,..
MIC,Middle income,AG.LND.EL5M.ZS,Land area below 5m (% of land area),0,1,1.49,..,..,..,..,..,..,..,..,..,1.77,..,..,..,..,..,..,..,..,..,..,..
MKD,"Macedonia, FYR",AG.LND.EL5M.ZS,Land area below 5m (% of land area),0,1,0,..,..,..,..,..,..,..,..,..,0,..,..,..,..,..,..,..,..,..,..,..
MLI,Mali,AG.LND.EL5M.ZS,Land area below 5m (% of land area),0,1,0,..,..,..,..,..,..,..,..,..,0,..,..,..,..,..,..,..,..,..,..,..
MLT,Malta,AG.LND.EL5M.ZS,Land area below 5m (% of land area),0,1,19.35,..,..,..,..,..,..,..,..,..,19.35,..,..,..,..,..,..,..,..,..,..,..
MMR,Myanmar,AG.LND.EL5M.ZS,Land area below 5m (% of land area),0,1,4.56,..,..,..,..,..,..,..,..,..,4.56,..,..,..,..,..,..,..,..,..,..,..
MNA,Middle East & North Africa,AG.LND.EL5M.ZS,Land area below 5m (% of land area),0,1,1.39,..,..,..,..,..,..,..,..,..,1.39,..,..,..,..,..,..,..,..,..,..,..
MNE,Montenegro,AG.LND.EL5M.ZS,Land area below 5m (% of land area),0,1,..,..,..,..,..,..,..,..,..,..,..,..,..,..,..,..,..,..,..,..,..,..
MNG,Mongolia,AG.LND.EL5M.ZS,Land area below 5m (% of land area),0,1,0,..,..,..,..,..,..,..,..,..,0,..,..,..,..,..,..,..,..,..,..,..
MNP,Northern Mariana Islands,AG.LND.EL5M.ZS,Land area below 5m (% of land area),0,1,28.06,..,..,..,..,..,..,..,..,..,28.06,..,..,..,..,..,..,..,..,..,..,..
MOZ,Mozambique,AG.LND.EL5M.ZS,Land area below 5m (% of land area),0,1,1.83,..,..,..,..,..,..,..,..,..,1.83,..,..,..,..,..,..,..,..,..,..,..
MRT,Mauritania,AG.LND.EL5M.ZS,Land area below 5m (% of land area),0,1,1.05,..,..,..,..,..,..,..,..,..,1.05,..,..,..,..,..,..,..,..,..,..,..
MUS,Mauritius,AG.LND.EL5M.ZS,Land area below 5m (% of land area),0,1,7.07,..,..,..,..,..,..,..,..,..,7.07,..,..,..,..,..,..,..,..,..,..,..
MWI,Malawi,AG.LND.EL5M.ZS,Land area below 5m (% of land area),0,1,0,..,..,..,..,..,..,..,..,..,0,..,..,..,..,..,..,..,..,..,..,..
MYS,Malaysia,AG.LND.EL5M.ZS,Land area below 5m (% of land area),0,1,2.99,..,..,..,..,..,..,..,..,..,2.99,..,..,..,..,..,..,..,..,..,..,..
MYT,Mayotte,AG.LND.EL5M.ZS,Land area below 5m (% of land area),0,1,21.56,..,..,..,..,..,..,..,..,..,21.56,..,..,..,..,..,..,..,..,..,..,..
NAM,Namibia,AG.LND.EL5M.ZS,Land area below 5m (% of land area),0,1,0.29,..,..,..,..,..,..,..,..,..,0.29,..,..,..,..,..,..,..,..,..,..,..
NCL,New Caledonia,AG.LND.EL5M.ZS,Land area below 5m (% of land area),0,1,8.03,..,..,..,..,..,..,..,..,..,8.03,..,..,..,..,..,..,..,..,..,..,..
NER,Niger,AG.LND.EL5M.ZS,Land area below 5m (% of land area),0,1,0,..,..,..,..,..,..,..,..,..,0,..,..,..,..,..,..,..,..,..,..,..
NGA,Nigeria,AG.LND.EL5M.ZS,Land area below 5m (% of land area),0,1,0.54,..,..,..,..,..,..,..,..,..,0.54,..,..,..,..,..,..,..,..,..,..,..
NIC,Nicaragua,AG.LND.EL5M.ZS,Land area below 5m (% of land area),0,1,3.57,..,..,..,..,..,..,..,..,..,3.57,..,..,..,..,..,..,..,..,..,..,..
NIU,Niue,AG.LND.EL5M.ZS,Land area below 5m (% of land area),0,1,10.44,..,..,..,..,..,..,..,..,..,10.44,..,..,..,..,..,..,..,..,..,..,..
NLD,Netherlands,AG.LND.EL5M.ZS,Land area below 5m (% of land area),0,1,58.47,..,..,..,..,..,..,..,..,..,58.47,..,..,..,..,..,..,..,..,..,..,..
NOR,Norway,AG.LND.EL5M.ZS,Land area below 5m (% of land area),0,1,4.85,..,..,..,..,..,..,..,..,..,4.85,..,..,..,..,..,..,..,..,..,..,..
NPL,Nepal,AG.LND.EL5M.ZS,Land area below 5m (% of land area),0,1,0,..,..,..,..,..,..,..,..,..,0,..,..,..,..,..,..,..,..,..,..,..
NRU,Nauru,AG.LND.EL5M.ZS,Land area below 5m (% of land area),0,1,40.36,..,..,..,..,..,..,..,..,..,40.36,..,..,..,..,..,..,..,..,..,..,..
NZL,New Zealand,AG.LND.EL5M.ZS,Land area below 5m (% of land area),0,1,2.74,..,..,..,..,..,..,..,..,..,2.74,..,..,..,..,..,..,..,..,..,..,..
OMN,Oman,AG.LND.EL5M.ZS,Land area below 5m (% of land area),0,1,1.08,..,..,..,..,..,..,..,..,..,1.08,..,..,..,..,..,..,..,..,..,..,..
PAK,Pakistan,AG.LND.EL5M.ZS,Land area below 5m (% of land area),0,1,1.42,..,..,..,..,..,..,..,..,..,1.42,..,..,..,..,..,..,..,..,..,..,..
PAN,Panama,AG.LND.EL5M.ZS,Land area below 5m (% of land area),0,1,3.71,..,..,..,..,..,..,..,..,..,3.71,..,..,..,..,..,..,..,..,..,..,..
PER,Peru,AG.LND.EL5M.ZS,Land area below 5m (% of land area),0,1,0.38,..,..,..,..,..,..,..,..,..,0.38,..,..,..,..,..,..,..,..,..,..,..
PHL,Philippines,AG.LND.EL5M.ZS,Land area below 5m (% of land area),0,1,6.02,..,..,..,..,..,..,..,..,..,6.02,..,..,..,..,..,..,..,..,..,..,..
PLW,Palau,AG.LND.EL5M.ZS,Land area below 5m (% of land area),0,1,21.37,..,..,..,..,..,..,..,..,..,21.37,..,..,..,..,..,..,..,..,..,..,..
PNG,Papua New Guinea,AG.LND.EL5M.ZS,Land area below 5m (% of land area),0,1,1.84,..,..,..,..,..,..,..,..,..,1.84,..,..,..,..,..,..,..,..,..,..,..
POL,Poland,AG.LND.EL5M.ZS,Land area below 5m (% of land area),0,1,1.68,..,..,..,..,..,..,..,..,..,1.68,..,..,..,..,..,..,..,..,..,..,..
PRI,Puerto Rico,AG.LND.EL5M.ZS,Land area below 5m (% of land area),0,1,7.73,..,..,..,..,..,..,..,..,..,7.73,..,..,..,..,..,..,..,..,..,..,..
PRK,"Korea, Dem. Rep.",AG.LND.EL5M.ZS,Land area below 5m (% of land area),0,1,2.42,..,..,..,..,..,..,..,..,..,2.42,..,..,..,..,..,..,..,..,..,..,..
PRT,Portugal,AG.LND.EL5M.ZS,Land area below 5m (% of land area),0,1,2.31,..,..,..,..,..,..,..,..,..,2.31,..,..,..,..,..,..,..,..,..,..,..
PRY,Paraguay,AG.LND.EL5M.ZS,Land area below 5m (% of land area),0,1,0,..,..,..,..,..,..,..,..,..,0,..,..,..,..,..,..,..,..,..,..,..
PYF,French Polynesia,AG.LND.EL5M.ZS,Land area below 5m (% of land area),0,1,37.6,..,..,..,..,..,..,..,..,..,37.6,..,..,..,..,..,..,..,..,..,..,..
QAT,Qatar,AG.LND.EL5M.ZS,Land area below 5m (% of land area),0,1,13.39,..,..,..,..,..,..,..,..,..,13.39,..,..,..,..,..,..,..,..,..,..,..
ROM,Romania,AG.LND.EL5M.ZS,Land area below 5m (% of land area),0,1,2.91,..,..,..,..,..,..,..,..,..,2.91,..,..,..,..,..,..,..,..,..,..,..
RUS,Russian Federation,AG.LND.EL5M.ZS,Land area below 5m (% of land area),0,1,1.91,..,..,..,..,..,..,..,..,..,1.91,..,..,..,..,..,..,..,..,..,..,..
RWA,Rwanda,AG.LND.EL5M.ZS,Land area below 5m (% of land area),0,1,0,..,..,..,..,..,..,..,..,..,0,..,..,..,..,..,..,..,..,..,..,..
SAS,South Asia,AG.LND.EL5M.ZS,Land area below 5m (% of land area),0,1,1.51,..,..,..,..,..,..,..,..,..,1.51,..,..,..,..,..,..,..,..,..,..,..
SAU,Saudi Arabia,AG.LND.EL5M.ZS,Land area below 5m (% of land area),0,1,0.48,..,..,..,..,..,..,..,..,..,0.48,..,..,..,..,..,..,..,..,..,..,..
SDN,Sudan,AG.LND.EL5M.ZS,Land area below 5m (% of land area),0,1,0.09,..,..,..,..,..,..,..,..,..,0.09,..,..,..,..,..,..,..,..,..,..,..
SEN,Senegal,AG.LND.EL5M.ZS,Land area below 5m (% of land area),0,1,4.46,..,..,..,..,..,..,..,..,..,4.46,..,..,..,..,..,..,..,..,..,..,..
SGP,Singapore,AG.LND.EL5M.ZS,Land area below 5m (% of land area),0,1,8.06,..,..,..,..,..,..,..,..,..,8.06,..,..,..,..,..,..,..,..,..,..,..
SID,Small island developing states,AG.LND.EL5M.ZS,Land area below 5m (% of land area),0,1,5.4,..,..,..,..,..,..,..,..,..,5.43,..,..,..,..,..,..,..,..,..,..,..
SLB,Solomon Islands,AG.LND.EL5M.ZS,Land area below 5m (% of land area),0,1,11.54,..,..,..,..,..,..,..,..,..,11.54,..,..,..,..,..,..,..,..,..,..,..
SLE,Sierra Leone,AG.LND.EL5M.ZS,Land area below 5m (% of land area),0,1,3,..,..,..,..,..,..,..,..,..,3,..,..,..,..,..,..,..,..,..,..,..
SLV,El Salvador,AG.LND.EL5M.ZS,Land area below 5m (% of land area),0,1,2.45,..,..,..,..,..,..,..,..,..,2.45,..,..,..,..,..,..,..,..,..,..,..
SMR,San Marino,AG.LND.EL5M.ZS,Land area below 5m (% of land area),0,1,0,..,..,..,..,..,..,..,..,..,0,..,..,..,..,..,..,..,..,..,..,..
SOM,Somalia,AG.LND.EL5M.ZS,Land area below 5m (% of land area),0,1,0.57,..,..,..,..,..,..,..,..,..,0.57,..,..,..,..,..,..,..,..,..,..,..
SRB,Serbia,AG.LND.EL5M.ZS,Land area below 5m (% of land area),0,1,0.19,..,..,..,..,..,..,..,..,..,0.19,..,..,..,..,..,..,..,..,..,..,..
SSA,Sub-Saharan Africa,AG.LND.EL5M.ZS,Land area below 5m (% of land area),0,1,0.37,..,..,..,..,..,..,..,..,..,0.38,..,..,..,..,..,..,..,..,..,..,..
STP,Sao Tome and Principe,AG.LND.EL5M.ZS,Land area below 5m (% of land area),0,1,14.72,..,..,..,..,..,..,..,..,..,14.72,..,..,..,..,..,..,..,..,..,..,..
SUR,Suriname,AG.LND.EL5M.ZS,Land area below 5m (% of land area),0,1,3.45,..,..,..,..,..,..,..,..,..,3.45,..,..,..,..,..,..,..,..,..,..,..
SVK,Slovak Republic,AG.LND.EL5M.ZS,Land area below 5m (% of land area),0,1,0,..,..,..,..,..,..,..,..,..,0,..,..,..,..,..,..,..,..,..,..,..
SVN,Slovenia,AG.LND.EL5M.ZS,Land area below 5m (% of land area),0,1,0.2,..,..,..,..,..,..,..,..,..,0.2,..,..,..,..,..,..,..,..,..,..,..
SWE,Sweden,AG.LND.EL5M.ZS,Land area below 5m (% of land area),0,1,1.53,..,..,..,..,..,..,..,..,..,1.53,..,..,..,..,..,..,..,..,..,..,..
SWZ,Swaziland,AG.LND.EL5M.ZS,Land area below 5m (% of land area),0,1,0,..,..,..,..,..,..,..,..,..,0,..,..,..,..,..,..,..,..,..,..,..
SXM,Sint Maarten (Dutch part),AG.LND.EL5M.ZS,Land area below 5m (% of land area),0,1,..,..,..,..,..,..,..,..,..,..,..,..,..,..,..,..,..,..,..,..,..,..
SYC,Seychelles,AG.LND.EL5M.ZS,Land area below 5m (% of land area),0,1,43.94,..,..,..,..,..,..,..,..,..,43.94,..,..,..,..,..,..,..,..,..,..,..
SYR,Syrian Arab Republic,AG.LND.EL5M.ZS,Land area below 5m (% of land area),0,1,0.06,..,..,..,..,..,..,..,..,..,0.06,..,..,..,..,..,..,..,..,..,..,..
TCA,Turks and Caicos Islands,AG.LND.EL5M.ZS,Land area below 5m (% of land area),0,1,53.27,..,..,..,..,..,..,..,..,..,53.27,..,..,..,..,..,..,..,..,..,..,..
TCD,Chad,AG.LND.EL5M.ZS,Land area below 5m (% of land area),0,1,0,..,..,..,..,..,..,..,..,..,0,..,..,..,..,..,..,..,..,..,..,..
TGO,Togo,AG.LND.EL5M.ZS,Land area below 5m (% of land area),0,1,0.58,..,..,..,..,..,..,..,..,..,0.58,..,..,..,..,..,..,..,..,..,..,..
THA,Thailand,AG.LND.EL5M.ZS,Land area below 5m (% of land area),0,1,4.17,..,..,..,..,..,..,..,..,..,4.17,..,..,..,..,..,..,..,..,..,..,..
TJK,Tajikistan,AG.LND.EL5M.ZS,Land area below 5m (% of land area),0,1,0,..,..,..,..,..,..,..,..,..,0,..,..,..,..,..,..,..,..,..,..,..
TKM,Turkmenistan,AG.LND.EL5M.ZS,Land area below 5m (% of land area),0,1,5.3,..,..,..,..,..,..,..,..,..,5.3,..,..,..,..,..,..,..,..,..,..,..
TMP,Timor-Leste,AG.LND.EL5M.ZS,Land area below 5m (% of land area),0,1,2.89,..,..,..,..,..,..,..,..,..,2.89,..,..,..,..,..,..,..,..,..,..,..
TON,Tonga,AG.LND.EL5M.ZS,Land area below 5m (% of land area),0,1,40.46,..,..,..,..,..,..,..,..,..,40.46,..,..,..,..,..,..,..,..,..,..,..
TTO,Trinidad and Tobago,AG.LND.EL5M.ZS,Land area below 5m (% of land area),0,1,7.98,..,..,..,..,..,..,..,..,..,7.98,..,..,..,..,..,..,..,..,..,..,..
TUN,Tunisia,AG.LND.EL5M.ZS,Land area below 5m (% of land area),0,1,2.79,..,..,..,..,..,..,..,..,..,2.79,..,..,..,..,..,..,..,..,..,..,..
TUR,Turkey,AG.LND.EL5M.ZS,Land area below 5m (% of land area),0,1,1.03,..,..,..,..,..,..,..,..,..,1.03,..,..,..,..,..,..,..,..,..,..,..
TUV,Tuvalu,AG.LND.EL5M.ZS,Land area below 5m (% of land area),0,1,100,..,..,..,..,..,..,..,..,..,100,..,..,..,..,..,..,..,..,..,..,..
TZA,Tanzania,AG.LND.EL5M.ZS,Land area below 5m (% of land area),0,1,0.18,..,..,..,..,..,..,..,..,..,0.18,..,..,..,..,..,..,..,..,..,..,..
UGA,Uganda,AG.LND.EL5M.ZS,Land area below 5m (% of land area),0,1,0,..,..,..,..,..,..,..,..,..,0,..,..,..,..,..,..,..,..,..,..,..
UKR,Ukraine,AG.LND.EL5M.ZS,Land area below 5m (% of land area),0,1,1.54,..,..,..,..,..,..,..,..,..,1.54,..,..,..,..,..,..,..,..,..,..,..
UMC,Upper middle income,AG.LND.EL5M.ZS,Land area below 5m (% of land area),0,1,1.37,..,..,..,..,..,..,..,..,..,1.79,..,..,..,..,..,..,..,..,..,..,..
URY,Uruguay,AG.LND.EL5M.ZS,Land area below 5m (% of land area),0,1,1.91,..,..,..,..,..,..,..,..,..,1.91,..,..,..,..,..,..,..,..,..,..,..
USA,United States,AG.LND.EL5M.ZS,Land area below 5m (% of land area),0,1,1.72,..,..,..,..,..,..,..,..,..,1.72,..,..,..,..,..,..,..,..,..,..,..
UZB,Uzbekistan,AG.LND.EL5M.ZS,Land area below 5m (% of land area),0,1,0.05,..,..,..,..,..,..,..,..,..,0.05,..,..,..,..,..,..,..,..,..,..,..
VCT,St. Vincent and the Grenadines,AG.LND.EL5M.ZS,Land area below 5m (% of land area),0,1,21.96,..,..,..,..,..,..,..,..,..,21.96,..,..,..,..,..,..,..,..,..,..,..
VEN,"Venezuela, RB",AG.LND.EL5M.ZS,Land area below 5m (% of land area),0,1,2.29,..,..,..,..,..,..,..,..,..,2.29,..,..,..,..,..,..,..,..,..,..,..
VIR,Virgin Islands (U.S.),AG.LND.EL5M.ZS,Land area below 5m (% of land area),0,1,30.96,..,..,..,..,..,..,..,..,..,30.96,..,..,..,..,..,..,..,..,..,..,..
VNM,Vietnam,AG.LND.EL5M.ZS,Land area below 5m (% of land area),0,1,17.5,..,..,..,..,..,..,..,..,..,17.5,..,..,..,..,..,..,..,..,..,..,..
VUT,Vanuatu,AG.LND.EL5M.ZS,Land area below 5m (% of land area),0,1,11.68,..,..,..,..,..,..,..,..,..,11.68,..,..,..,..,..,..,..,..,..,..,..
WBG,West Bank and Gaza,AG.LND.EL5M.ZS,Land area below 5m (% of land area),0,1,14.84,..,..,..,..,..,..,..,..,..,14.84,..,..,..,..,..,..,..,..,..,..,..
WLD,World,AG.LND.EL5M.ZS,Land area below 5m (% of land area),0,1,1.6,..,..,..,..,..,..,..,..,..,1.76,..,..,..,..,..,..,..,..,..,..,..
WSM,Samoa,AG.LND.EL5M.ZS,Land area below 5m (% of land area),0,1,7.33,..,..,..,..,..,..,..,..,..,7.33,..,..,..,..,..,..,..,..,..,..,..
YEM,"Yemen, Rep.",AG.LND.EL5M.ZS,Land area below 5m (% of land area),0,1,0.56,..,..,..,..,..,..,..,..,..,0.56,..,..,..,..,..,..,..,..,..,..,..
ZAF,South Africa,AG.LND.EL5M.ZS,Land area below 5m (% of land area),0,1,0.13,..,..,..,..,..,..,..,..,..,0.13,..,..,..,..,..,..,..,..,..,..,..
ZAR,"Congo, Dem. Rep.",AG.LND.EL5M.ZS,Land area below 5m (% of land area),0,1,0.02,..,..,..,..,..,..,..,..,..,0.02,..,..,..,..,..,..,..,..,..,..,..
ZMB,Zambia,AG.LND.EL5M.ZS,Land area below 5m (% of land area),0,1,0,..,..,..,..,..,..,..,..,..,0,..,..,..,..,..,..,..,..,..,..,..
ZWE,Zimbabwe,AG.LND.EL5M.ZS,Land area below 5m (% of land area),0,1,0,..,..,..,..,..,..,..,..,..,0,..,..,..,..,..,..,..,..,..,..,..
ABW,Aruba,AG.LND.IRIG.AG.ZS,Agricultural land under irrigation (% of total ag. land),0,1,..,..,..,..,..,..,..,..,..,..,..,..,..,..,..,..,..,..,..,..,..,..
ADO,Andorra,AG.LND.IRIG.AG.ZS,Agricultural land under irrigation (% of total ag. land),0,1,..,..,..,..,..,..,..,..,..,..,..,..,..,..,..,..,..,..,..,..,..,..
AFG,Afghanistan,AG.LND.IRIG.AG.ZS,Agricultural land under irrigation (% of total ag. land),0,1,..,..,..,..,..,..,..,..,..,..,..,5.67,4.62,7.26,5.5,5.84,6.09,5.94,5.78,4.84,..,..
AGO,Angola,AG.LND.IRIG.AG.ZS,Agricultural land under irrigation (% of total ag. land),0,1,..,..,..,..,..,..,..,..,..,..,..,..,..,..,..,..,..,..,..,..,..,..
ALB,Albania,AG.LND.IRIG.AG.ZS,Agricultural land under irrigation (% of total ag. land),0,1,..,..,..,..,..,..,..,..,..,..,..,..,..,..,..,..,..,17.43,9.99,16.78,..,..
ARE,United Arab Emirates,AG.LND.IRIG.AG.ZS,Agricultural land under irrigation (% of total ag. land),0,1,..,..,..,..,..,..,..,..,..,..,..,..,..,..,..,..,..,..,..,..,..,..
ARG,Argentina,AG.LND.IRIG.AG.ZS,Agricultural land under irrigation (% of total ag. land),0,1,..,..,..,..,..,..,..,..,..,..,..,..,1.05,..,..,..,..,..,..,..,..,..
ARM,Armenia,AG.LND.IRIG.AG.ZS,Agricultural land under irrigation (% of total ag. land),0,1,..,..,..,..,..,..,..,..,..,..,..,..,..,..,..,..,8.71,8.79,8.87,..,..,..
ASM,American Samoa,AG.LND.IRIG.AG.ZS,Agricultural land under irrigation (% of total ag. land),0,1,..,..,..,..,..,..,..,..,..,..,..,..,..,..,..,..,..,..,..,..,..,..
ATG,Antigua and Barbuda,AG.LND.IRIG.AG.ZS,Agricultural land under irrigation (% of total ag. land),0,1,..,..,..,..,..,..,..,..,..,..,..,..,..,..,..,..,..,..,..,..,..,..
AUS,Australia,AG.LND.IRIG.AG.ZS,Agricultural land under irrigation (% of total ag. land),0,1,..,..,..,..,..,..,..,..,..,..,..,0.55,0.57,0.54,0.55,0.54,0.59,0.45,0.44,0.43,..,..
AUT,Austria,AG.LND.IRIG.AG.ZS,Agricultural land under irrigation (% of total ag. land),0,1,..,..,..,..,..,..,..,..,..,..,..,..,..,1.01,..,1.23,..,1.36,..,..,..,..
AZE,Azerbaijan,AG.LND.IRIG.AG.ZS,Agricultural land under irrigation (% of total ag. land),0,1,..,..,..,..,..,..,..,..,..,..,..,29.99,30,29.93,30.04,30.05,30.03,30.05,30.05,29.51,..,..
BDI,Burundi,AG.LND.IRIG.AG.ZS,Agricultural land under irrigation (% of total ag. land),0,1,..,..,..,..,..,..,..,..,..,..,..,..,..,..,..,..,..,..,..,..,..,..
BEL,Belgium,AG.LND.IRIG.AG.ZS,Agricultural land under irrigation (% of total ag. land),0,1,..,..,..,..,..,..,..,..,..,..,..,..,..,0.07,..,0.22,..,0.36,..,..,..,..
BEN,Benin,AG.LND.IRIG.AG.ZS,Agricultural land under irrigation (% of total ag. land),0,1,..,..,..,..,..,..,..,..,..,..,..,..,..,..,..,..,..,..,..,..,..,..
BFA,Burkina Faso,AG.LND.IRIG.AG.ZS,Agricultural land under irrigation (% of total ag. land),0,1,..,..,..,..,..,..,..,..,..,..,..,..,..,..,..,..,..,..,..,..,..,..
BGD,Bangladesh,AG.LND.IRIG.AG.ZS,Agricultural land under irrigation (% of total ag. land),0,1,..,..,..,..,..,..,..,..,..,..,..,..,..,..,51.35,51.12,52.62,..,..,..,..,..
BGR,Bulgaria,AG.LND.IRIG.AG.ZS,Agricultural land under irrigation (% of total ag. land),0,1,..,..,..,..,..,..,..,..,..,..,..,..,..,1.48,..,1.03,..,1.43,..,..,..,..
BHR,Bahrain,AG.LND.IRIG.AG.ZS,Agricultural land under irrigation (% of total ag. land),0,1,..,..,..,..,..,..,..,..,..,..,..,..,..,..,..,..,..,..,..,..,..,..
BHS,"Bahamas, The",AG.LND.IRIG.AG.ZS,Agricultural land under irrigation (% of total ag. land),0,1,..,..,..,..,..,..,..,..,..,..,..,..,..,..,..,..,..,..,..,..,..,..
BIH,Bosnia and Herzegovina,AG.LND.IRIG.AG.ZS,Agricultural land under irrigation (% of total ag. land),0,1,..,..,..,..,..,..,..,..,..,..,..,..,..,..,..,..,..,..,..,..,..,..
BLR,Belarus,AG.LND.IRIG.AG.ZS,Agricultural land under irrigation (% of total ag. land),0,1,..,..,..,..,..,..,..,..,..,..,..,1.26,1.27,1.27,1.27,1.27,1.24,1.24,0.59,0.53,..,..
BLZ,Belize,AG.LND.IRIG.AG.ZS,Agricultural land under irrigation (% of total ag. land),0,1,..,..,..,..,..,..,..,..,..,..,..,..,..,..,..,..,..,..,..,..,..,..
BMU,Bermuda,AG.LND.IRIG.AG.ZS,Agricultural land under irrigation (% of total ag. land),0,1,..,..,..,..,..,..,..,..,..,..,..,..,..,..,..,..,..,..,..,..,..,..
BOL,Bolivia,AG.LND.IRIG.AG.ZS,Agricultural land under irrigation (% of total ag. land),0,1,..,..,..,..,..,..,..,..,..,..,..,..,..,..,..,..,..,..,..,..,..,..
BRA,Brazil,AG.LND.IRIG.AG.ZS,Agricultural land under irrigation (% of total ag. land),0,1,..,..,..,..,..,..,..,..,..,..,..,..,..,..,..,..,..,..,..,..,..,..
BRB,Barbados,AG.LND.IRIG.AG.ZS,Agricultural land under irrigation (% of total ag. land),0,1,..,..,..,..,..,..,..,..,..,..,..,..,..,..,..,..,..,..,..,..,..,..
BRN,Brunei Darussalam,AG.LND.IRIG.AG.ZS,Agricultural land under irrigation (% of total ag. land),0,1,..,..,..,..,..,..,..,..,..,..,..,..,0,0,0,0,0,0,..,..,..,..
BTN,Bhutan,AG.LND.IRIG.AG.ZS,Agricultural land under irrigation (% of total ag. land),0,1,..,..,..,..,..,..,..,..,..,..,..,..,..,6.83,6.79,6.76,6.76,6.76,..,..,..,..
BWA,Botswana,AG.LND.IRIG.AG.ZS,Agricultural land under irrigation (% of total ag. land),0,1,..,..,..,..,..,..,..,..,..,..,..,..,..,0,0,0.01,..,..,..,..,..,..
CAF,Central African Republic,AG.LND.IRIG.AG.ZS,Agricultural land under irrigation (% of total ag. land),0,1,..,..,..,..,..,..,..,..,..,..,..,..,..,..,..,..,..,..,..,..,..,..
CAN,Canada,AG.LND.IRIG.AG.ZS,Agricultural land under irrigation (% of total ag. land),0,1,..,..,..,..,..,..,..,..,..,..,..,..,..,..,..,..,..,..,..,..,..,..
CHE,Switzerland,AG.LND.IRIG.AG.ZS,Agricultural land under irrigation (% of total ag. land),0,1,..,..,..,..,..,..,..,..,..,..,..,..,..,..,..,..,..,..,..,..,..,..
CHI,Channel Islands,AG.LND.IRIG.AG.ZS,Agricultural land under irrigation (% of total ag. land),0,1,..,..,..,..,..,..,..,..,..,..,..,0,14.29,0,0,0,..,..,0,0,..,..
CHL,Chile,AG.LND.IRIG.AG.ZS,Agricultural land under irrigation (% of total ag. land),0,1,..,..,..,..,..,..,..,..,..,..,..,..,..,..,..,..,..,5.63,..,..,..,..
CHN,China,AG.LND.IRIG.AG.ZS,Agricultural land under irrigation (% of total ag. land),0,1,..,..,..,..,..,..,..,..,..,..,..,..,..,8.97,..,..,10.15,..,..,..,..,..
CIV,Cote d'Ivoire,AG.LND.IRIG.AG.ZS,Agricultural land under irrigation (% of total ag. land),0,1,..,..,..,..,..,..,..,..,..,..,..,..,..,..,..,..,..,..,..,..,..,..
CMR,Cameroon,AG.LND.IRIG.AG.ZS,Agricultural land under irrigation (% of total ag. land),0,1,..,..,..,..,..,..,..,..,..,..,..,..,..,..,..,..,..,..,..,..,..,..
COG,"Congo, Rep.",AG.LND.IRIG.AG.ZS,Agricultural land under irrigation (% of total ag. land),0,1,..,..,..,..,..,..,..,..,..,..,..,..,..,..,..,..,..,..,..,..,..,..
COK,Cook Islands,AG.LND.IRIG.AG.ZS,Agricultural land under irrigation (% of total ag. land),0,1,..,..,..,..,..,..,..,..,..,..,..,..,..,..,..,..,..,..,..,..,..,..
COL,Colombia,AG.LND.IRIG.AG.ZS,Agricultural land under irrigation (% of total ag. land),0,1,..,..,..,..,..,..,..,..,..,..,..,..,..,..,..,..,..,..,..,..,..,..
COM,Comoros,AG.LND.IRIG.AG.ZS,Agricultural land under irrigation (% of total ag. land),0,1,..,..,..,..,..,..,..,..,..,..,..,..,..,..,..,..,..,..,..,..,..,..
CPV,Cape Verde,AG.LND.IRIG.AG.ZS,Agricultural land under irrigation (% of total ag. land),0,1,..,..,..,..,..,..,..,..,..,..,..,..,..,..,..,..,..,..,..,..,..,..
CRI,Costa Rica,AG.LND.IRIG.AG.ZS,Agricultural land under irrigation (% of total ag. land),0,1,..,..,..,..,..,..,..,..,..,..,..,..,..,..,..,1.39,1.5,1.56,1.5,1.5,..,..
CUB,Cuba,AG.LND.IRIG.AG.ZS,Agricultural land under irrigation (% of total ag. land),0,1,..,..,..,..,..,..,..,..,..,..,..,..,..,..,..,..,..,..,..,..,..,..
CUW,Curacao,AG.LND.IRIG.AG.ZS,Agricultural land under irrigation (% of total ag. land),0,1,..,..,..,..,..,..,..,..,..,..,..,..,..,..,..,..,..,..,..,..,..,..
CYM,Cayman Islands,AG.LND.IRIG.AG.ZS,Agricultural land under irrigation (% of total ag. land),0,1,..,..,..,..,..,..,..,..,..,..,..,..,..,..,..,..,..,..,..,..,..,..
CYP,Cyprus,AG.LND.IRIG.AG.ZS,Agricultural land under irrigation (% of total ag. land),0,1,..,..,..,..,..,..,..,..,..,..,..,25,25,22.93,21.79,20.96,21.02,19.73,20.87,20.8,..,..
CZE,Czech Republic,AG.LND.IRIG.AG.ZS,Agricultural land under irrigation (% of total ag. land),0,1,..,..,..,..,..,..,..,..,..,..,..,..,..,0.37,..,0.4,..,0.47,0.24,0.26,..,..
DEU,Germany,AG.LND.IRIG.AG.ZS,Agricultural land under irrigation (% of total ag. land),0,1,..,..,..,..,..,..,..,..,..,..,..,..,..,..,..,..,..,..,..,..,..,..
DJI,Djibouti,AG.LND.IRIG.AG.ZS,Agricultural land under irrigation (% of total ag. land),0,1,..,..,..,..,..,..,..,..,..,..,..,..,..,..,..,..,..,..,..,..,..,..
DMA,Dominica,AG.LND.IRIG.AG.ZS,Agricultural land under irrigation (% of total ag. land),0,1,..,..,..,..,..,..,..,..,..,..,..,..,..,..,..,..,..,..,..,..,..,..
DNK,Denmark,AG.LND.IRIG.AG.ZS,Agricultural land under irrigation (% of total ag. land),0,1,..,..,..,..,..,..,..,..,..,..,..,7.62,7.65,7.67,7.71,9.68,9.67,9.54,9.52,9.64,..,..
DOM,Dominican Republic,AG.LND.IRIG.AG.ZS,Agricultural land under irrigation (% of total ag. land),0,1,..,..,..,..,..,..,..,..,..,..,..,8.87,7.91,7.66,9.04,..,..,..,..,..,..,..
DZA,Algeria,AG.LND.IRIG.AG.ZS,Agricultural land under irrigation (% of total ag. land),0,1,..,..,..,..,..,..,..,..,..,..,..,..,..,1.81,1.93,2,2.03,2.19,2.07,..,..,..
EAP,East Asia & Pacific,AG.LND.IRIG.AG.ZS,Agricultural land under irrigation (% of total ag. land),0,1,..,..,..,..,..,..,..,..,..,..,..,..,..,..,..,..,..,..,..,..,..,..
ECA,Europe & Central Asia,AG.LND.IRIG.AG.ZS,Agricultural land under irrigation (% of total ag. land),0,1,..,..,..,..,..,..,..,..,..,..,..,..,..,..,..,..,..,..,..,..,..,..
ECU,Ecuador,AG.LND.IRIG.AG.ZS,Agricultural land under irrigation (% of total ag. land),0,1,..,..,..,..,..,..,..,..,..,..,..,..,8.58,9.27,9.53,10.03,10.22,10.75,10.18,12.64,..,..
EGY,"Egypt, Arab Rep.",AG.LND.IRIG.AG.ZS,Agricultural land under irrigation (% of total ag. land),0,1,..,..,..,..,..,..,..,..,..,..,..,..,..,..,..,..,..,..,..,..,..,..
EMU,Euro area,AG.LND.IRIG.AG.ZS,Agricultural land under irrigation (% of total ag. land),0,1,..,..,..,..,..,..,..,..,..,..,..,..,..,..,..,..,..,..,..,..,..,..
ERI,Eritrea,AG.LND.IRIG.AG.ZS,Agricultural land under irrigation (% of total ag. land),0,1,..,..,..,..,..,..,..,..,..,..,..,..,..,..,..,..,..,..,..,..,..,..
ESP,Spain,AG.LND.IRIG.AG.ZS,Agricultural land under irrigation (% of total ag. land),0,1,..,..,..,..,..,..,..,..,..,..,..,12.63,12.85,12.27,11.74,11.71,11.6,11.85,11.94,..,..,..
EST,Estonia,AG.LND.IRIG.AG.ZS,Agricultural land under irrigation (% of total ag. land),0,1,..,..,..,..,..,..,..,..,..,..,..,..,..,..,..,..,..,..,..,..,..,..
ETH,Ethiopia,AG.LND.IRIG.AG.ZS,Agricultural land under irrigation (% of total ag. land),0,1,..,..,..,..,..,..,..,..,..,..,..,..,..,0.38,0.37,0.44,0.39,0.47,0.48,0.49,..,..
FIN,Finland,AG.LND.IRIG.AG.ZS,Agricultural land under irrigation (% of total ag. land),0,1,..,..,..,..,..,..,..,..,..,..,..,2.88,2.86,2.85,2.84,2.81,..,..,..,..,..,..
FJI,Fiji,AG.LND.IRIG.AG.ZS,Agricultural land under irrigation (% of total ag. land),0,1,..,..,..,..,..,..,..,..,..,..,..,..,..,..,..,..,..,..,..,..,..,..
FRA,France,AG.LND.IRIG.AG.ZS,Agricultural land under irrigation (% of total ag. land),0,1,..,..,..,..,..,..,..,..,..,..,..,..,..,..,..,5.67,..,5.06,..,..,..,..
FRO,Faeroe Islands,AG.LND.IRIG.AG.ZS,Agricultural land under irrigation (% of total ag. land),0,1,..,..,..,..,..,..,..,..,..,..,..,..,..,..,..,..,..,..,..,..,..,..
FSM,"Micronesia, Fed. Sts.",AG.LND.IRIG.AG.ZS,Agricultural land under irrigation (% of total ag. land),0,1,..,..,..,..,..,..,..,..,..,..,..,..,..,..,..,..,..,..,..,..,..,..
GAB,Gabon,AG.LND.IRIG.AG.ZS,Agricultural land under irrigation (% of total ag. land),0,1,..,..,..,..,..,..,..,..,..,..,..,..,..,..,..,..,..,..,..,..,..,..
GBR,United Kingdom,AG.LND.IRIG.AG.ZS,Agricultural land under irrigation (% of total ag. land),0,1,..,..,..,..,..,..,..,..,..,..,..,..,..,..,..,..,..,..,..,..,..,..
GEO,Georgia,AG.LND.IRIG.AG.ZS,Agricultural land under irrigation (% of total ag. land),0,1,..,..,..,..,..,..,..,..,..,..,..,..,..,..,..,..,3.97,4.17,4,..,..,..
GHA,Ghana,AG.LND.IRIG.AG.ZS,Agricultural land under irrigation (% of total ag. land),0,1,..,..,..,..,..,..,..,..,..,..,..,..,..,..,..,..,..,..,..,..,..,..
GIB,Gibraltar,AG.LND.IRIG.AG.ZS,Agricultural land under irrigation (% of total ag. land),0,1,..,..,..,..,..,..,..,..,..,..,..,..,..,..,..,..,..,..,..,..,..,..
GIN,Guinea,AG.LND.IRIG.AG.ZS,Agricultural land under irrigation (% of total ag. land),0,1,..,..,..,..,..,..,..,..,..,..,..,..,..,..,..,..,..,..,..,..,..,..
GMB,"Gambia, The",AG.LND.IRIG.AG.ZS,Agricultural land under irrigation (% of total ag. land),0,1,..,..,..,..,..,..,..,..,..,..,..,..,..,..,..,..,..,..,..,..,..,..
GNB,Guinea-Bissau,AG.LND.IRIG.AG.ZS,Agricultural land under irrigation (% of total ag. land),0,1,..,..,..,..,..,..,..,..,..,..,..,..,..,..,..,..,..,..,..,..,..,..
GNQ,Equatorial Guinea,AG.LND.IRIG.AG.ZS,Agricultural land under irrigation (% of total ag. land),0,1,..,..,..,..,..,..,..,..,..,..,..,..,..,..,..,..,..,..,..,..,..,..
GRC,Greece,AG.LND.IRIG.AG.ZS,Agricultural land under irrigation (% of total ag. land),0,1,..,..,..,..,..,..,..,..,..,..,..,..,..,28.62,..,33.49,17.72,27.36,17.27,16.9,..,..
GRD,Grenada,AG.LND.IRIG.AG.ZS,Agricultural land under irrigation (% of total ag. land),0,1,..,..,..,..,..,..,..,..,..,..,..,..,..,..,..,..,..,..,0,..,..,..
GRL,Greenland,AG.LND.IRIG.AG.ZS,Agricultural land under irrigation (% of total ag. land),0,1,..,..,..,..,..,..,..,..,..,..,..,..,..,..,..,..,..,..,..,..,..,..
GTM,Guatemala,AG.LND.IRIG.AG.ZS,Agricultural land under irrigation (% of total ag. land),0,1,..,..,..,..,..,..,..,..,..,..,..,..,..,..,..,..,..,..,..,..,..,..
GUM,Guam,AG.LND.IRIG.AG.ZS,Agricultural land under irrigation (% of total ag. land),0,1,..,..,..,..,..,..,..,..,..,..,..,..,..,..,..,..,..,..,..,..,..,..
GUY,Guyana,AG.LND.IRIG.AG.ZS,Agricultural land under irrigation (% of total ag. land),0,1,..,..,..,..,..,..,..,..,..,..,..,..,..,..,..,..,..,..,..,..,..,..
HIC,High income,AG.LND.IRIG.AG.ZS,Agricultural land under irrigation (% of total ag. land),0,1,..,..,..,..,..,..,..,..,..,..,..,..,..,..,..,..,..,..,..,..,..,..
HKG,"Hong Kong SAR, China",AG.LND.IRIG.AG.ZS,Agricultural land under irrigation (% of total ag. land),0,1,..,..,..,..,..,..,..,..,..,..,..,..,..,..,..,..,..,..,..,..,..,..
HND,Honduras,AG.LND.IRIG.AG.ZS,Agricultural land under irrigation (% of total ag. land),0,1,..,..,..,..,..,..,..,..,..,..,..,..,..,..,..,..,..,..,..,..,..,..
HRV,Croatia,AG.LND.IRIG.AG.ZS,Agricultural land under irrigation (% of total ag. land),0,1,..,..,..,..,..,..,..,..,..,..,..,..,..,0.75,1.02,1.32,0.33,0.67,..,0.38,..,..
HTI,Haiti,AG.LND.IRIG.AG.ZS,Agricultural land under irrigation (% of total ag. land),0,1,..,..,..,..,..,..,..,..,..,..,..,..,..,..,..,..,..,..,..,..,..,..
HUN,Hungary,AG.LND.IRIG.AG.ZS,Agricultural land under irrigation (% of total ag. land),0,1,..,..,..,..,..,..,..,..,..,..,..,..,..,2.54,2.03,1.28,1.33,2.07,1.38,1.83,..,..
IDN,Indonesia,AG.LND.IRIG.AG.ZS,Agricultural land under irrigation (% of total ag. land),0,1,..,..,..,..,..,..,..,..,..,..,..,..,16.53,11.75,14.87,16.01,..,..,..,..,..,..
IMY,Isle of Man,AG.LND.IRIG.AG.ZS,Agricultural land under irrigation (% of total ag. land),0,1,..,..,..,..,..,..,..,..,..,..,..,..,..,..,..,..,..,..,..,..,..,..
IND,India,AG.LND.IRIG.AG.ZS,Agricultural land under irrigation (% of total ag. land),0,1,..,..,..,..,..,..,..,..,..,..,..,32.23,31.62,29.88,31.63,32.92,33.57,34.34,34.66,35.12,..,..
IRL,Ireland,AG.LND.IRIG.AG.ZS,Agricultural land under irrigation (% of total ag. land),0,1,..,..,..,..,..,..,..,..,..,..,..,..,..,..,..,..,..,..,..,..,..,..
IRN,"Iran, Islamic Rep.",AG.LND.IRIG.AG.ZS,Agricultural land under irrigation (% of total ag. land),0,1,..,..,..,..,..,..,..,..,..,..,..,12.57,12.74,12.91,13.08,18,18.21,18.42,19.02,..,..,..
IRQ,Iraq,AG.LND.IRIG.AG.ZS,Agricultural land under irrigation (% of total ag. land),0,1,..,..,..,..,..,..,..,..,..,..,..,..,..,..,..,..,..,..,..,..,..,..
ISL,Iceland,AG.LND.IRIG.AG.ZS,Agricultural land under irrigation (% of total ag. land),0,1,..,..,..,..,..,..,..,..,..,..,..,..,..,..,..,..,..,..,..,..,..,..
ISR,Israel,AG.LND.IRIG.AG.ZS,Agricultural land under irrigation (% of total ag. land),0,1,..,..,..,..,..,..,..,..,..,..,..,31.55,30.91,..,..,..,..,29.92,..,28.35,..,..
ITA,Italy,AG.LND.IRIG.AG.ZS,Agricultural land under irrigation (% of total ag. land),0,1,..,..,..,..,..,..,..,..,..,..,..,..,..,18.33,..,17.73,..,18.83,..,..,..,..
JAM,Jamaica,AG.LND.IRIG.AG.ZS,Agricultural land under irrigation (% of total ag. land),0,1,..,..,..,..,..,..,..,..,..,..,..,..,..,..,..,..,..,..,..,..,..,..
JOR,Jordan,AG.LND.IRIG.AG.ZS,Agricultural land under irrigation (% of total ag. land),0,1,..,..,..,..,..,..,..,..,..,..,..,7.14,7.32,7.06,7.33,7.9,8.25,7.48,9.47,9.17,..,..
JPN,Japan,AG.LND.IRIG.AG.ZS,Agricultural land under irrigation (% of total ag. land),0,1,..,..,..,..,..,..,..,..,..,..,..,35.47,35.33,35.05,36,36.27,36.05,35.89,35.09,35.17,..,..
KAZ,Kazakhstan,AG.LND.IRIG.AG.ZS,Agricultural land under irrigation (% of total ag. land),0,1,..,..,..,..,..,..,..,..,..,..,..,..,..,..,..,..,..,..,..,..,..,..
KEN,Kenya,AG.LND.IRIG.AG.ZS,Agricultural land under irrigation (% of total ag. land),0,1,..,..,..,..,..,..,..,..,..,..,..,0.04,0.03,0.11,0.04,0.04,0.04,0.03,0.03,0.04,..,..
KGZ,Kyrgyz Republic,AG.LND.IRIG.AG.ZS,Agricultural land under irrigation (% of total ag. land),0,1,..,..,..,..,..,..,..,..,..,..,..,9.53,9.53,9.47,9.5,9.32,9.3,9.31,9.3,9.39,..,..
KHM,Cambodia,AG.LND.IRIG.AG.ZS,Agricultural land under irrigation (% of total ag. land),0,1,..,..,..,..,..,..,..,..,..,..,..,..,..,..,..,..,..,..,..,..,..,..
KIR,Kiribati,AG.LND.IRIG.AG.ZS,Agricultural land under irrigation (% of total ag. land),0,1,..,..,..,..,..,..,..,..,..,..,..,..,..,..,..,..,..,..,..,..,..,..
KNA,St. Kitts and Nevis,AG.LND.IRIG.AG.ZS,Agricultural land under irrigation (% of total ag. land),0,1,..,..,..,..,..,..,..,..,..,..,..,..,..,..,..,0,0,0,0,0,..,..
KOR,"Korea, Rep.",AG.LND.IRIG.AG.ZS,Agricultural land under irrigation (% of total ag. land),0,1,..,..,..,..,..,..,..,..,..,..,..,..,54.87,53.42,52.88,52.1,51.4,51.63,..,..,..,..
KSV,Kosovo,AG.LND.IRIG.AG.ZS,Agricultural land under irrigation (% of total ag. land),0,1,..,..,..,..,..,..,..,..,..,..,..,..,..,..,..,..,..,..,..,..,..,..
KWT,Kuwait,AG.LND.IRIG.AG.ZS,Agricultural land under irrigation (% of total ag. land),0,1,..,..,..,..,..,..,..,..,..,..,..,..,..,..,..,..,..,..,..,..,..,..
LAC,Latin America & Caribbean,AG.LND.IRIG.AG.ZS,Agricultural land under irrigation (% of total ag. land),0,1,..,..,..,..,..,..,..,..,..,..,..,..,..,..,..,..,..,..,..,..,..,..
LAO,Lao PDR,AG.LND.IRIG.AG.ZS,Agricultural land under irrigation (% of total ag. land),0,1,..,..,..,..,..,..,..,..,..,..,..,..,..,..,..,..,..,..,..,..,..,..
LBN,Lebanon,AG.LND.IRIG.AG.ZS,Agricultural land under irrigation (% of total ag. land),0,1,..,..,..,..,..,..,..,..,..,..,..,..,..,18.98,19.75,20.06,20.61,19.94,..,..,..,..
LBR,Liberia,AG.LND.IRIG.AG.ZS,Agricultural land under irrigation (% of total ag. land),0,1,..,..,..,..,..,..,..,..,..,..,..,..,..,..,..,..,..,..,..,..,..,..
LBY,Libya,AG.LND.IRIG.AG.ZS,Agricultural land under irrigation (% of total ag. land),0,1,..,..,..,..,..,..,..,..,..,..,..,..,..,..,..,..,..,..,..,..,..,..
LCA,St. Lucia,AG.LND.IRIG.AG.ZS,Agricultural land under irrigation (% of total ag. land),0,1,..,..,..,..,..,..,..,..,..,..,..,..,..,..,..,..,..,..,..,..,..,..
LIC,Low income,AG.LND.IRIG.AG.ZS,Agricultural land under irrigation (% of total ag. land),0,1,..,..,..,..,..,..,..,..,..,..,..,..,..,..,..,..,..,..,..,..,..,..
LIE,Liechtenstein,AG.LND.IRIG.AG.ZS,Agricultural land under irrigation (% of total ag. land),0,1,..,..,..,..,..,..,..,..,..,..,..,..,..,..,..,..,..,..,..,..,..,..
LKA,Sri Lanka,AG.LND.IRIG.AG.ZS,Agricultural land under irrigation (% of total ag. land),0,1,..,..,..,..,..,..,..,..,..,..,..,..,..,..,..,..,..,..,..,..,..,..
LMC,Lower middle income,AG.LND.IRIG.AG.ZS,Agricultural land under irrigation (% of total ag. land),0,1,..,..,..,..,..,..,..,..,..,..,..,..,..,..,..,..,..,..,..,..,..,..
LMY,Low & middle income,AG.LND.IRIG.AG.ZS,Agricultural land under irrigation (% of total ag. land),0,1,..,..,..,..,..,..,..,..,..,..,..,..,..,..,..,..,..,..,..,..,..,..
LSO,Lesotho,AG.LND.IRIG.AG.ZS,Agricultural land under irrigation (% of total ag. land),0,1,..,..,..,..,..,..,..,..,..,..,..,..,..,..,..,..,..,..,..,..,..,..
LTU,Lithuania,AG.LND.IRIG.AG.ZS,Agricultural land under irrigation (% of total ag. land),0,1,..,..,..,..,..,..,..,..,..,..,..,..,..,..,..,..,..,..,..,..,..,..
LUX,Luxembourg,AG.LND.IRIG.AG.ZS,Agricultural land under irrigation (% of total ag. land),0,1,..,..,..,..,..,..,..,..,..,..,..,..,..,..,..,..,..,..,..,..,..,..
LVA,Latvia,AG.LND.IRIG.AG.ZS,Agricultural land under irrigation (% of total ag. land),0,1,..,..,..,..,..,..,..,..,..,..,..,..,..,..,..,..,..,0,..,..,..,..
MAC,"Macao SAR, China",AG.LND.IRIG.AG.ZS,Agricultural land under irrigation (% of total ag. land),0,1,..,..,..,..,..,..,..,..,..,..,..,..,..,..,..,..,..,..,..,..,..,..
MAF,St. Martin (French part),AG.LND.IRIG.AG.ZS,Agricultural land under irrigation (% of total ag. land),0,1,..,..,..,..,..,..,..,..,..,..,..,..,..,..,..,..,..,..,..,..,..,..
MAR,Morocco,AG.LND.IRIG.AG.ZS,Agricultural land under irrigation (% of total ag. land),0,1,..,..,..,..,..,..,..,..,..,..,..,..,..,..,4.3,4.3,3.9,4.11,4.43,4.61,..,..
MCO,Monaco,AG.LND.IRIG.AG.ZS,Agricultural land under irrigation (% of total ag. land),0,1,..,..,..,..,..,..,..,..,..,..,..,..,..,..,..,..,..,..,..,..,..,..
MDA,Moldova,AG.LND.IRIG.AG.ZS,Agricultural land under irrigation (% of total ag. land),0,1,..,..,..,..,..,..,..,..,..,..,..,11.07,9,9.02,9.04,9.12,9.18,9.05,9.19,9.22,..,..
MDG,Madagascar,AG.LND.IRIG.AG.ZS,Agricultural land under irrigation (% of total ag. land),0,1,..,..,..,..,..,..,..,..,..,..,..,2.18,2.18,2.18,2.18,2.18,2.18,2.18,2.18,2.18,..,..
MDV,Maldives,AG.LND.IRIG.AG.ZS,Agricultural land under irrigation (% of total ag. land),0,1,..,..,..,..,..,..,..,..,..,..,..,..,..,..,..,..,..,..,..,..,..,..
MEX,Mexico,AG.LND.IRIG.AG.ZS,Agricultural land under irrigation (% of total ag. land),0,1,..,..,..,..,..,..,..,..,..,..,..,..,..,1.94,2,5.2,5.27,5.19,5.45,5.47,..,..
MHL,Marshall Islands,AG.LND.IRIG.AG.ZS,Agricultural land under irrigation (% of total ag. land),0,1,..,..,..,..,..,..,..,..,..,..,..,..,..,..,..,..,..,..,..,..,..,..
MIC,Middle income,AG.LND.IRIG.AG.ZS,Agricultural land under irrigation (% of total ag. land),0,1,..,..,..,..,..,..,..,..,..,..,..,..,..,..,..,..,..,..,..,..,..,..
MKD,"Macedonia, FYR",AG.LND.IRIG.AG.ZS,Agricultural land under irrigation (% of total ag. land),0,1,..,..,..,..,..,..,..,..,..,..,..,..,..,..,..,..,..,7.34,..,..,..,..
MLI,Mali,AG.LND.IRIG.AG.ZS,Agricultural land under irrigation (% of total ag. land),0,1,..,..,..,..,..,..,..,..,..,..,..,..,..,..,..,..,..,..,..,..,..,..
MLT,Malta,AG.LND.IRIG.AG.ZS,Agricultural land under irrigation (% of total ag. land),0,1,..,..,..,..,..,..,..,..,..,..,..,..,..,20,..,22.22,..,22.22,22.22,22.22,..,..
MMR,Myanmar,AG.LND.IRIG.AG.ZS,Agricultural land under irrigation (% of total ag. land),0,1,..,..,..,..,..,..,..,..,..,..,..,..,..,22.84,23.2,23.4,24.81,24.76,..,..,..,..
MNA,Middle East & North Africa,AG.LND.IRIG.AG.ZS,Agricultural land under irrigation (% of total ag. land),0,1,..,..,..,..,..,..,..,..,..,..,..,..,..,..,..,..,..,..,..,..,..,..
MNE,Montenegro,AG.LND.IRIG.AG.ZS,Agricultural land under irrigation (% of total ag. land),0,1,..,..,..,..,..,..,..,..,..,..,..,..,..,..,..,..,..,..,..,..,..,..
MNG,Mongolia,AG.LND.IRIG.AG.ZS,Agricultural land under irrigation (% of total ag. land),0,1,..,..,..,..,..,..,..,..,..,..,..,..,..,..,..,..,..,..,..,..,..,..
MNP,Northern Mariana Islands,AG.LND.IRIG.AG.ZS,Agricultural land under irrigation (% of total ag. land),0,1,..,..,..,..,..,..,..,..,..,..,..,..,..,..,..,..,..,..,..,..,..,..
MOZ,Mozambique,AG.LND.IRIG.AG.ZS,Agricultural land under irrigation (% of total ag. land),0,1,..,..,..,..,..,..,..,..,..,..,..,..,..,..,..,..,..,..,..,..,..,..
MRT,Mauritania,AG.LND.IRIG.AG.ZS,Agricultural land under irrigation (% of total ag. land),0,1,..,..,..,..,..,..,..,..,..,..,..,..,..,..,..,..,..,..,..,..,..,..
MUS,Mauritius,AG.LND.IRIG.AG.ZS,Agricultural land under irrigation (% of total ag. land),0,1,..,..,..,..,..,..,..,..,..,..,..,..,19.81,20.75,20.19,20.19,20.39,20.79,21.43,21.43,..,..
MWI,Malawi,AG.LND.IRIG.AG.ZS,Agricultural land under irrigation (% of total ag. land),0,1,..,..,..,..,..,..,..,..,..,..,..,..,..,..,..,0.6,0.56,0.74,0.53,..,..,..
MYS,Malaysia,AG.LND.IRIG.AG.ZS,Agricultural land under irrigation (% of total ag. land),0,1,..,..,..,..,..,..,..,..,..,..,..,..,..,..,..,..,..,..,..,..,..,..
MYT,Mayotte,AG.LND.IRIG.AG.ZS,Agricultural land under irrigation (% of total ag. land),0,1,..,..,..,..,..,..,..,..,..,..,..,..,..,..,..,..,..,..,..,..,..,..
NAM,Namibia,AG.LND.IRIG.AG.ZS,Agricultural land under irrigation (% of total ag. land),0,1,..,..,..,..,..,..,..,..,..,..,..,..,..,..,..,..,..,..,..,..,..,..
NCL,New Caledonia,AG.LND.IRIG.AG.ZS,Agricultural land under irrigation (% of total ag. land),0,1,..,..,..,..,..,..,..,..,..,..,..,..,..,..,..,..,..,..,..,..,..,..
NER,Niger,AG.LND.IRIG.AG.ZS,Agricultural land under irrigation (% of total ag. land),0,1,..,..,..,..,..,..,..,..,..,..,..,..,..,..,..,..,..,..,..,..,..,..
NGA,Nigeria,AG.LND.IRIG.AG.ZS,Agricultural land under irrigation (% of total ag. land),0,1,..,..,..,..,..,..,..,..,..,..,..,..,..,..,..,..,..,..,..,..,..,..
NIC,Nicaragua,AG.LND.IRIG.AG.ZS,Agricultural land under irrigation (% of total ag. land),0,1,..,..,..,..,..,..,..,..,..,..,..,..,..,..,..,..,..,..,..,..,..,..
NIU,Niue,AG.LND.IRIG.AG.ZS,Agricultural land under irrigation (% of total ag. land),0,1,..,..,..,..,..,..,..,..,..,..,..,..,..,..,..,..,..,..,..,..,..,..
NLD,Netherlands,AG.LND.IRIG.AG.ZS,Agricultural land under irrigation (% of total ag. land),0,1,..,..,..,..,..,..,..,..,..,..,..,..,..,..,..,..,..,10.55,..,..,..,..
NOR,Norway,AG.LND.IRIG.AG.ZS,Agricultural land under irrigation (% of total ag. land),0,1,..,..,..,..,..,..,..,..,..,..,..,..,..,..,4.23,4.15,5.41,..,..,..,..,..
NPL,Nepal,AG.LND.IRIG.AG.ZS,Agricultural land under irrigation (% of total ag. land),0,1,..,..,..,..,..,..,..,..,..,..,..,27.55,27.73,27.74,27.74,27.74,27.74,27.74,27.74,..,..,..
NRU,Nauru,AG.LND.IRIG.AG.ZS,Agricultural land under irrigation (% of total ag. land),0,1,..,..,..,..,..,..,..,..,..,..,..,..,..,..,..,..,..,..,..,..,..,..
NZL,New Zealand,AG.LND.IRIG.AG.ZS,Agricultural land under irrigation (% of total ag. land),0,1,..,..,..,..,..,..,..,..,..,..,..,..,3.17,..,..,..,..,..,..,..,..,..
OMN,Oman,AG.LND.IRIG.AG.ZS,Agricultural land under irrigation (% of total ag. land),0,1,..,..,..,..,..,..,..,..,..,..,..,..,..,..,..,..,..,..,..,4.03,..,..
PAK,Pakistan,AG.LND.IRIG.AG.ZS,Agricultural land under irrigation (% of total ag. land),0,1,..,..,..,..,..,..,..,..,..,..,..,65.61,65.97,66.95,69.4,70.14,70.1,71.06,72.79,73.86,..,..
PAN,Panama,AG.LND.IRIG.AG.ZS,Agricultural land under irrigation (% of total ag. land),0,1,..,..,..,..,..,..,..,..,..,..,..,..,..,..,..,..,..,..,..,..,..,..
PER,Peru,AG.LND.IRIG.AG.ZS,Agricultural land under irrigation (% of total ag. land),0,1,..,..,..,..,..,..,..,..,..,..,..,..,..,..,..,..,..,..,..,..,..,..
PHL,Philippines,AG.LND.IRIG.AG.ZS,Agricultural land under irrigation (% of total ag. land),0,1,..,..,..,..,..,..,..,..,..,..,..,..,..,..,..,..,..,..,..,..,..,..
PLW,Palau,AG.LND.IRIG.AG.ZS,Agricultural land under irrigation (% of total ag. land),0,1,..,..,..,..,..,..,..,..,..,..,..,..,..,..,..,..,..,..,..,..,..,..
PNG,Papua New Guinea,AG.LND.IRIG.AG.ZS,Agricultural land under irrigation (% of total ag. land),0,1,..,..,..,..,..,..,..,..,..,..,..,..,..,..,..,..,..,..,..,..,..,..
POL,Poland,AG.LND.IRIG.AG.ZS,Agricultural land under irrigation (% of total ag. land),0,1,..,..,..,..,..,..,..,..,..,..,..,..,..,..,..,0.45,..,0.45,..,..,..,..
PRI,Puerto Rico,AG.LND.IRIG.AG.ZS,Agricultural land under irrigation (% of total ag. land),0,1,..,..,..,..,..,..,..,..,..,..,..,..,7.66,7.91,..,..,..,8.47,..,..,..,..
PRK,"Korea, Dem. Rep.",AG.LND.IRIG.AG.ZS,Agricultural land under irrigation (% of total ag. land),0,1,..,..,..,..,..,..,..,..,..,..,..,..,..,..,..,..,..,..,..,..,..,..
PRT,Portugal,AG.LND.IRIG.AG.ZS,Agricultural land under irrigation (% of total ag. land),0,1,..,..,..,..,..,..,..,..,..,..,..,..,..,..,..,11.93,..,11.44,..,..,..,..
PRY,Paraguay,AG.LND.IRIG.AG.ZS,Agricultural land under irrigation (% of total ag. land),0,1,..,..,..,..,..,..,..,..,..,..,..,..,..,..,..,..,..,..,..,..,..,..
PYF,French Polynesia,AG.LND.IRIG.AG.ZS,Agricultural land under irrigation (% of total ag. land),0,1,..,..,..,..,..,..,..,..,..,..,..,..,..,..,..,..,..,..,..,..,..,..
QAT,Qatar,AG.LND.IRIG.AG.ZS,Agricultural land under irrigation (% of total ag. land),0,1,..,..,..,..,..,..,..,..,..,..,..,..,..,..,..,..,..,..,..,..,..,..
ROM,Romania,AG.LND.IRIG.AG.ZS,Agricultural land under irrigation (% of total ag. land),0,1,..,..,..,..,..,..,..,..,..,..,..,2.21,3.29,3.84,2.31,0.32,0.68,2.36,1.9,2.19,..,..
RUS,Russian Federation,AG.LND.IRIG.AG.ZS,Agricultural land under irrigation (% of total ag. land),0,1,..,..,..,..,..,..,..,..,..,..,..,2.07,2.05,2.1,2.1,2.07,2.06,2.02,1.97,..,..,..
RWA,Rwanda,AG.LND.IRIG.AG.ZS,Agricultural land under irrigation (% of total ag. land),0,1,..,..,..,..,..,..,..,..,..,..,..,..,..,..,..,..,..,..,..,..,..,..
SAS,South Asia,AG.LND.IRIG.AG.ZS,Agricultural land under irrigation (% of total ag. land),0,1,..,..,..,..,..,..,..,..,..,..,..,..,..,..,..,..,..,..,..,..,..,..
SAU,Saudi Arabia,AG.LND.IRIG.AG.ZS,Agricultural land under irrigation (% of total ag. land),0,1,..,..,..,..,..,..,..,..,..,..,..,..,..,..,..,..,..,..,..,..,..,..
SDN,Sudan,AG.LND.IRIG.AG.ZS,Agricultural land under irrigation (% of total ag. land),0,1,..,..,..,..,..,..,..,..,..,..,..,..,1.03,1.13,1.23,1.18,1.08,0.86,1.16,1.04,..,..
SEN,Senegal,AG.LND.IRIG.AG.ZS,Agricultural land under irrigation (% of total ag. land),0,1,..,..,..,..,..,..,..,..,..,..,..,..,0.64,0.62,0.69,0.76,0.73,..,..,..,..,..
SGP,Singapore,AG.LND.IRIG.AG.ZS,Agricultural land under irrigation (% of total ag. land),0,1,..,..,..,..,..,..,..,..,..,..,..,..,..,..,..,..,..,..,..,..,..,..
SID,Small island developing states,AG.LND.IRIG.AG.ZS,Agricultural land under irrigation (% of total ag. land),0,1,..,..,..,..,..,..,..,..,..,..,..,..,..,..,..,..,..,..,..,..,..,..
SLB,Solomon Islands,AG.LND.IRIG.AG.ZS,Agricultural land under irrigation (% of total ag. land),0,1,..,..,..,..,..,..,..,..,..,..,..,..,..,..,..,..,..,..,..,..,..,..
SLE,Sierra Leone,AG.LND.IRIG.AG.ZS,Agricultural land under irrigation (% of total ag. land),0,1,..,..,..,..,..,..,..,..,..,..,..,..,..,..,..,..,..,..,..,..,..,..
SLV,El Salvador,AG.LND.IRIG.AG.ZS,Agricultural land under irrigation (% of total ag. land),0,1,..,..,..,..,..,..,..,..,..,..,..,..,..,1.81,1.74,1.92,2.17,2.13,..,..,..,..
SMR,San Marino,AG.LND.IRIG.AG.ZS,Agricultural land under irrigation (% of total ag. land),0,1,..,..,..,..,..,..,..,..,..,..,..,..,..,..,..,..,..,..,..,..,..,..
SOM,Somalia,AG.LND.IRIG.AG.ZS,Agricultural land under irrigation (% of total ag. land),0,1,..,..,..,..,..,..,..,..,..,..,..,..,..,..,..,..,..,..,..,..,..,..
SRB,Serbia,AG.LND.IRIG.AG.ZS,Agricultural land under irrigation (% of total ag. land),0,1,..,..,..,..,..,..,..,..,..,..,..,..,..,..,..,..,0.51,0.51,0.51,0.61,..,..
SSA,Sub-Saharan Africa,AG.LND.IRIG.AG.ZS,Agricultural land under irrigation (% of total ag. land),0,1,..,..,..,..,..,..,..,..,..,..,..,..,..,..,..,..,..,..,..,..,..,..
STP,Sao Tome and Principe,AG.LND.IRIG.AG.ZS,Agricultural land under irrigation (% of total ag. land),0,1,..,..,..,..,..,..,..,..,..,..,..,..,..,..,..,..,..,..,..,..,..,..
SUR,Suriname,AG.LND.IRIG.AG.ZS,Agricultural land under irrigation (% of total ag. land),0,1,..,..,..,..,..,..,..,..,..,..,..,..,..,..,..,..,..,..,..,..,..,..
SVK,Slovak Republic,AG.LND.IRIG.AG.ZS,Agricultural land under irrigation (% of total ag. land),0,1,..,..,..,..,..,..,..,..,..,..,..,4.92,3.35,4.2,2.17,1.34,1.29,1.3,1.34,1.04,..,..
SVN,Slovenia,AG.LND.IRIG.AG.ZS,Agricultural land under irrigation (% of total ag. land),0,1,..,..,..,..,..,..,..,..,..,..,..,0.59,0.59,0.59,0.61,0.39,0.61,0.8,0.81,0.85,..,..
SWE,Sweden,AG.LND.IRIG.AG.ZS,Agricultural land under irrigation (% of total ag. land),0,1,..,..,..,..,..,..,..,..,..,..,..,..,..,..,..,..,..,..,..,..,..,..
SWZ,Swaziland,AG.LND.IRIG.AG.ZS,Agricultural land under irrigation (% of total ag. land),0,1,..,..,..,..,..,..,..,..,..,..,..,..,..,..,..,..,..,..,..,..,..,..
SXM,Sint Maarten (Dutch part),AG.LND.IRIG.AG.ZS,Agricultural land under irrigation (% of total ag. land),0,1,..,..,..,..,..,..,..,..,..,..,..,..,..,..,..,..,..,..,..,..,..,..
SYC,Seychelles,AG.LND.IRIG.AG.ZS,Agricultural land under irrigation (% of total ag. land),0,1,..,..,..,..,..,..,..,..,..,..,..,..,..,..,..,..,..,..,..,..,..,..
SYR,Syrian Arab Republic,AG.LND.IRIG.AG.ZS,Agricultural land under irrigation (% of total ag. land),0,1,..,..,..,..,..,..,..,..,..,..,..,..,..,9.85,10.35,10.31,10.1,10.05,9.76,8.9,..,..
TCA,Turks and Caicos Islands,AG.LND.IRIG.AG.ZS,Agricultural land under irrigation (% of total ag. land),0,1,..,..,..,..,..,..,..,..,..,..,..,..,..,..,..,..,..,..,..,..,..,..
TCD,Chad,AG.LND.IRIG.AG.ZS,Agricultural land under irrigation (% of total ag. land),0,1,..,..,..,..,..,..,..,..,..,..,..,..,..,..,..,..,..,..,..,..,..,..
TGO,Togo,AG.LND.IRIG.AG.ZS,Agricultural land under irrigation (% of total ag. land),0,1,..,..,..,..,..,..,..,..,..,..,..,..,..,..,..,..,..,..,..,..,..,..
THA,Thailand,AG.LND.IRIG.AG.ZS,Agricultural land under irrigation (% of total ag. land),0,1,..,..,..,..,..,..,..,..,..,..,..,..,..,..,..,..,..,..,..,..,..,..
TJK,Tajikistan,AG.LND.IRIG.AG.ZS,Agricultural land under irrigation (% of total ag. land),0,1,..,..,..,..,..,..,..,..,..,..,..,..,..,..,..,..,14.93,15.03,15.02,14.78,..,..
TKM,Turkmenistan,AG.LND.IRIG.AG.ZS,Agricultural land under irrigation (% of total ag. land),0,1,..,..,..,..,..,..,..,..,..,..,..,..,..,..,..,..,..,..,..,..,..,..
TMP,Timor-Leste,AG.LND.IRIG.AG.ZS,Agricultural land under irrigation (% of total ag. land),0,1,..,..,..,..,..,..,..,..,..,..,..,..,..,..,..,..,..,..,..,..,..,..
TON,Tonga,AG.LND.IRIG.AG.ZS,Agricultural land under irrigation (% of total ag. land),0,1,..,..,..,..,..,..,..,..,..,..,..,..,..,..,..,..,..,..,..,..,..,..
TTO,Trinidad and Tobago,AG.LND.IRIG.AG.ZS,Agricultural land under irrigation (% of total ag. land),0,1,..,..,..,..,..,..,..,..,..,..,..,..,..,..,12.73,..,..,..,..,..,..,..
TUN,Tunisia,AG.LND.IRIG.AG.ZS,Agricultural land under irrigation (% of total ag. land),0,1,..,..,..,..,..,..,..,..,..,..,..,3.64,3.68,3.56,3.62,3.62,3.8,3.89,4.01,4.13,..,..
TUR,Turkey,AG.LND.IRIG.AG.ZS,Agricultural land under irrigation (% of total ag. land),0,1,..,..,..,..,..,..,..,..,..,..,..,..,12.66,12.83,12.65,12.65,12.88,13.2,13.33,13.4,..,..
TUV,Tuvalu,AG.LND.IRIG.AG.ZS,Agricultural land under irrigation (% of total ag. land),0,1,..,..,..,..,..,..,..,..,..,..,..,..,..,..,..,..,..,..,..,..,..,..
TZA,Tanzania,AG.LND.IRIG.AG.ZS,Agricultural land under irrigation (% of total ag. land),0,1,..,..,..,..,..,..,..,..,..,..,..,..,..,..,..,..,..,..,..,..,..,..
UGA,Uganda,AG.LND.IRIG.AG.ZS,Agricultural land under irrigation (% of total ag. land),0,1,..,..,..,..,..,..,..,..,..,..,..,..,..,..,..,..,..,..,..,..,..,..
UKR,Ukraine,AG.LND.IRIG.AG.ZS,Agricultural land under irrigation (% of total ag. land),0,1,..,..,..,..,..,..,..,..,..,..,..,..,..,..,..,..,5.27,5.27,5.27,5.26,..,..
UMC,Upper middle income,AG.LND.IRIG.AG.ZS,Agricultural land under irrigation (% of total ag. land),0,1,..,..,..,..,..,..,..,..,..,..,..,..,..,..,..,..,..,..,..,..,..,..
URY,Uruguay,AG.LND.IRIG.AG.ZS,Agricultural land under irrigation (% of total ag. land),0,1,..,..,..,..,..,..,..,..,..,..,..,..,..,..,..,..,1.16,1.07,1.21,1.17,..,..
USA,United States,AG.LND.IRIG.AG.ZS,Agricultural land under irrigation (% of total ag. land),0,1,..,..,..,..,..,..,..,..,..,..,..,..,..,..,..,..,..,..,..,..,..,..
UZB,Uzbekistan,AG.LND.IRIG.AG.ZS,Agricultural land under irrigation (% of total ag. land),0,1,..,..,..,..,..,..,..,..,..,..,..,..,..,..,..,..,..,..,..,..,..,..
VCT,St. Vincent and the Grenadines,AG.LND.IRIG.AG.ZS,Agricultural land under irrigation (% of total ag. land),0,1,..,..,..,..,..,..,..,..,..,..,..,..,..,..,..,..,..,..,..,..,..,..
VEN,"Venezuela, RB",AG.LND.IRIG.AG.ZS,Agricultural land under irrigation (% of total ag. land),0,1,..,..,..,..,..,..,..,..,..,..,..,..,..,..,..,..,..,..,..,..,..,..
VIR,Virgin Islands (U.S.),AG.LND.IRIG.AG.ZS,Agricultural land under irrigation (% of total ag. land),0,1,..,..,..,..,..,..,..,..,..,..,..,..,..,..,..,..,..,..,..,..,..,..
VNM,Vietnam,AG.LND.IRIG.AG.ZS,Agricultural land under irrigation (% of total ag. land),0,1,..,..,..,..,..,..,..,..,..,..,..,..,..,..,..,..,..,..,..,..,..,..
VUT,Vanuatu,AG.LND.IRIG.AG.ZS,Agricultural land under irrigation (% of total ag. land),0,1,..,..,..,..,..,..,..,..,..,..,..,..,..,..,..,..,..,..,..,..,..,..
WBG,West Bank and Gaza,AG.LND.IRIG.AG.ZS,Agricultural land under irrigation (% of total ag. land),0,1,..,..,..,..,..,..,..,..,..,..,..,4.34,4.32,4.09,4.09,4.05,4.36,4.63,4.62,..,..,..
WLD,World,AG.LND.IRIG.AG.ZS,Agricultural land under irrigation (% of total ag. land),0,1,..,..,..,..,..,..,..,..,..,..,..,..,..,..,..,..,..,..,..,..,..,..
WSM,Samoa,AG.LND.IRIG.AG.ZS,Agricultural land under irrigation (% of total ag. land),0,1,..,..,..,..,..,..,..,..,..,..,..,..,..,..,..,..,..,..,..,..,..,..
YEM,"Yemen, Rep.",AG.LND.IRIG.AG.ZS,Agricultural land under irrigation (% of total ag. land),0,1,..,..,..,..,..,..,..,..,..,..,..,..,2.88,2,2.87,3.05,3.27,..,..,..,..,..
ZAF,South Africa,AG.LND.IRIG.AG.ZS,Agricultural land under irrigation (% of total ag. land),0,1,..,..,..,..,..,..,..,..,..,..,..,..,..,..,..,..,..,..,..,..,..,..
ZAR,"Congo, Dem. Rep.",AG.LND.IRIG.AG.ZS,Agricultural land under irrigation (% of total ag. land),0,1,..,..,..,..,..,..,..,..,..,..,..,..,..,..,..,..,..,..,..,..,..,..
ZMB,Zambia,AG.LND.IRIG.AG.ZS,Agricultural land under irrigation (% of total ag. land),0,1,..,..,..,..,..,..,..,..,..,..,..,..,..,..,..,..,..,..,..,..,..,..
ZWE,Zimbabwe,AG.LND.IRIG.AG.ZS,Agricultural land under irrigation (% of total ag. land),0,1,..,..,..,..,..,..,..,..,..,..,..,..,..,..,..,..,..,..,..,..,..,..
TUV,Tuvalu,EN.ATM.CO2E.PC,CO2 emissions per capita (metric tons),0,1,..,..,..,..,..,..,..,..,..,..,..,..,..,..,..,..,..,..,..,..,..,..
TZA,Tanzania,EN.ATM.CO2E.PC,CO2 emissions per capita (metric tons),0,1,0.09,0.09,0.09,0.09,0.08,0.12,0.11,0.09,0.08,0.08,0.08,0.09,0.1,0.1,0.12,0.13,0.13,0.15,0.15,..,..,..
UGA,Uganda,EN.ATM.CO2E.PC,CO2 emissions per capita (metric tons),0,1,0.05,0.05,0.05,0.04,0.04,0.05,0.05,0.05,0.06,0.06,0.06,0.07,0.07,0.06,0.07,0.08,0.09,0.11,0.12,..,..,..
UKR,Ukraine,EN.ATM.CO2E.PC,CO2 emissions per capita (metric tons),0,1,..,..,12.3,10.47,8.61,8.66,8.08,6.74,6.55,6.69,6.52,6.61,6.61,7.37,7.23,7.2,7.01,7.07,6.99,..,..,..
UMC,Upper middle income,EN.ATM.CO2E.PC,CO2 emissions per capita (metric tons),0,1,3.55,3.61,3.66,3.63,3.59,3.67,3.71,3.66,3.55,3.51,3.55,3.58,3.66,4.07,4.44,4.67,4.98,5.18,5.32,..,..,..
URY,Uruguay,EN.ATM.CO2E.PC,CO2 emissions per capita (metric tons),0,1,1.28,1.45,1.64,1.41,1.27,1.42,1.68,1.71,1.74,2.04,1.61,1.54,1.4,1.39,1.7,1.75,2.01,1.8,2.5,..,..,..
USA,United States,EN.ATM.CO2E.PC,CO2 emissions per capita (metric tons),0,1,19.55,19.25,19.01,19.88,19.87,19.67,19.84,20.18,19.75,19.81,19.54,18.91,18.89,18.85,18.99,18.92,18.47,18.51,17.94,..,..,..
UZB,Uzbekistan,EN.ATM.CO2E.PC,CO2 emissions per capita (metric tons),0,1,..,..,5.32,5.4,4.96,4.43,4.44,4.3,4.89,4.81,4.87,4.89,5.02,4.8,4.61,4.19,4.35,4.31,4.57,..,..,..
VCT,St. Vincent and the Grenadines,EN.ATM.CO2E.PC,CO2 emissions per capita (metric tons),0,1,0.75,0.71,0.78,0.95,1.12,1.22,1.26,1.26,1.53,1.56,1.46,1.66,1.73,1.79,1.79,1.82,1.85,1.85,1.85,..,..,..
VEN,"Venezuela, RB",EN.ATM.CO2E.PC,CO2 emissions per capita (metric tons),0,1,6.19,5.72,5.12,5.89,6.02,6.04,5.46,5.83,7.15,7.23,6.27,6.97,7.66,7.48,6.44,6,5.68,5.95,6.07,..,..,..
VIR,Virgin Islands (U.S.),EN.ATM.CO2E.PC,CO2 emissions per capita (metric tons),0,1,..,..,..,..,..,..,..,..,..,..,..,..,..,..,..,..,..,..,..,..,..,..
VNM,Vietnam,EN.ATM.CO2E.PC,CO2 emissions per capita (metric tons),0,1,0.32,0.32,0.33,0.33,0.37,0.41,0.47,0.61,0.63,0.63,0.69,0.78,0.9,0.99,1.25,1.26,1.01,1.33,1.5,..,..,..
VUT,Vanuatu,EN.ATM.CO2E.PC,CO2 emissions per capita (metric tons),0,1,0.48,0.44,0.43,0.41,0.4,0.39,0.49,0.5,0.47,0.47,0.44,0.44,0.43,0.44,0.43,0.26,0.22,0.36,0.4,..,..,..
WBG,West Bank and Gaza,EN.ATM.CO2E.PC,CO2 emissions per capita (metric tons),0,1,..,..,..,..,..,..,..,0.15,0.22,0.23,0.27,0.44,0.36,0.38,0.54,0.77,0.61,0.61,0.52,..,..,..
WLD,World,EN.ATM.CO2E.PC,CO2 emissions per capita (metric tons),0,1,4.27,4.27,4.13,4.07,4.09,4.12,4.15,4.17,4.1,4.01,4.06,4.11,4.09,4.23,4.4,4.52,4.61,4.64,..,..,..,..
WSM,Samoa,EN.ATM.CO2E.PC,CO2 emissions per capita (metric tons),0,1,0.77,0.77,0.78,0.78,0.73,0.78,0.78,0.77,0.76,0.8,0.79,0.81,0.8,0.84,0.86,0.87,0.87,0.89,0.89,..,..,..
YEM,"Yemen, Rep.",EN.ATM.CO2E.PC,CO2 emissions per capita (metric tons),0,1,-0.25,0.81,1.09,0.68,0.78,0.74,0.95,0.95,0.73,0.81,0.83,0.89,0.84,0.89,0.94,0.97,0.98,1,1.03,..,..,..
ZAF,South Africa,EN.ATM.CO2E.PC,CO2 emissions per capita (metric tons),0,1,9.47,9.64,8.85,9.14,9.38,9.04,8.97,9.07,8.88,8.64,8.38,8.08,7.64,8.26,8.88,8.65,8.5,8.98,8.93,..,..,..
ZAR,"Congo, Dem. Rep.",EN.ATM.CO2E.PC,CO2 emissions per capita (metric tons),0,1,0.11,0.1,0.09,0.08,0.06,0.07,0.07,0.06,0.05,0.05,0.03,0.03,0.03,0.03,0.04,0.04,0.04,0.04,0.05,..,..,..
ZMB,Zambia,EN.ATM.CO2E.PC,CO2 emissions per capita (metric tons),0,1,0.31,0.3,0.3,0.29,0.28,0.24,0.2,0.25,0.24,0.18,0.18,0.18,0.18,0.19,0.19,0.2,0.19,0.14,0.15,..,..,..
ZWE,Zimbabwe,EN.ATM.CO2E.PC,CO2 emissions per capita (metric tons),0,1,1.48,1.47,1.54,1.44,1.54,1.29,1.26,1.19,1.16,1.28,1.11,1,0.95,0.84,0.79,0.86,0.83,0.77,0.73,..,..,..